Workbook

Sheet Summary
A1: C1 – Week 2 · Team 4 · Summary of results
A2: All values below are linked to the detailed sheets. Validation sets: QSD1 (30 cropped queries) · QSD2 (GT crop) = QSD2 paintings cropped with the GT mask · BG_Removal (T5) = QSD2 cropped with OUR masks (the real Task 5 pipeline). Only method1 is submitted (the week-2 instructions ask for one method).
A4: Method | B4: Descriptor | C4: map@1 QSD1 | D4: map@5 QSD1 | E4: map@1 QSD2 (GT crop) | F4: map@5 QSD2 (GT crop) | G4: map@1 + BG_Removal (T5) | H4: map@5 + BG_Removal (T5)
A5: W1 method 1 | B5: HSV 1D, 16 bins, Chi-square (global) | C5: ='1. Global 1D-2D-3D'!F50 -> 0.9 | D5: ='1. Global 1D-2D-3D'!G50 -> 0.95 | E5: ='1. Global 1D-2D-3D'!H50 -> 0.56666667 | F5: ='1. Global 1D-2D-3D'!I50 -> 0.63833333 | G5: ='1. Global 1D-2D-3D'!J50 -> 0.5 | H5: ='1. Global 1D-2D-3D'!K50 -> 0.57777778
A6: W1 method 2 | B6: Lab 1D, 32 bins, Hellinger (global) | C6: ='1. Global 1D-2D-3D'!F119 -> 0.9 | D6: ='1. Global 1D-2D-3D'!G119 -> 0.92222222 | E6: ='1. Global 1D-2D-3D'!H119 -> 0.7 | F6: ='1. Global 1D-2D-3D'!I119 -> 0.75388889 | G6: ='1. Global 1D-2D-3D'!J119 -> 0.53333333 | H6: ='1. Global 1D-2D-3D'!K119 -> 0.62222222
A7: W2 method1 (submitted) | B7: YCrCb 3D 6×12×12 range-adapted bins, pyramid 1×1+2×2+4×4+8×8 (weights 1:2:4:8), Hellinger, 5% margin | C7: ='6. Margin + BG removal (T5)'!D89 -> 0.96666667 | D7: ='6. Margin + BG removal (T5)'!E89 -> 0.96666667 | E7: ='6. Margin + BG removal (T5)'!F89 -> 1 | F7: ='6. Margin + BG removal (T5)'!G89 -> 1 | G7: ='6. Margin + BG removal (T5)'!H89 -> 0.96666667 | H7: ='6. Margin + BG removal (T5)'!I89 -> 0.98333333
A8: W2 method2 (comparison) | B8: HSV 3D 8×6×6 uniform bins, 5×5 blocks, Hellinger, 5% margin | C8: ='6. Margin + BG removal (T5)'!D29 -> 0.96666667 | D8: ='6. Margin + BG removal (T5)'!E29 -> 0.96666667 | E8: ='6. Margin + BG removal (T5)'!F29 -> 1 | F8: ='6. Margin + BG removal (T5)'!G29 -> 1 | G8: ='6. Margin + BG removal (T5)'!H29 -> 0.93333333 | H8: ='6. Margin + BG removal (T5)'!I29 -> 0.96111111
A10: Background removal (QSD2, method M2) | C10: Precision | D10: Recall | E10: F1
A11: Gaussian model of the wall colour (Lab, robust border statistics) + Mahalanobis + Otsu + morphology | C11: ='7. BG removal (T3-T4)'!D7 -> 0.9534996 | D11: ='7. BG removal (T3-T4)'!E7 -> 0.96602679 | E11: ='7. BG removal (T3-T4)'!F7 -> 0.9559358
A13: Values for the common slide tables | C13: Value
A14: Task 2: map@1 QSD1-W1 (best previous week) | C14: =MAX(C5:C6) -> 0.9
A15: Task 2: map@1 QSD1-W2 (best this week) | C15: =C7 -> 0.96666667
A16: Task 4: Precision | C16: =C11 -> 0.9534996
A17: Task 4: Recall | C17: =D11 -> 0.96602679
A18: Task 4: F1 | C18: =E11 -> 0.9559358
A19: Task 5: map@1 QSD2-W2 | C19: =G7 -> 0.96666667
A21: Sheets
A22: 1. Global 1D-2D-3D | B22: Histogram type × colour space × bins × similarity, whole image (Task 1)
A23: 2. Bin placement | B23: uniform vs range-adapted vs quantile bins, and different bins per channel (Task 1)
A24: 3. Block based | B24: number of blocks × bins (Task 1)
A25: 4. Spatial pyramid | B25: pyramid levels and level weights (Task 1)
A26: 5. Distances | B26: similarity measures on the best descriptors
A27: 6. Margin + BG removal (T5) | B27: inner margin vs retrieval with our masks; final methods (Task 5)
A28: 7. BG removal (T3-T4) | B28: background models, ablation, extra variants and per-image P/R/F1 (Tasks 3–4)
A29: 8. Discarded (normalisation) | B29: limiting the gain of the illumination normalisation (discarded)
A31: Green cells in the detailed sheets = best value of that column. Mean columns are formulas (AVERAGE) of the columns to their left.

Sheet 1. Global 1D-2D-3D
A1: Global histograms (1×1): 1D vs 2D vs 3D, colour space, bins and similarity (uniform bins)
A2: Notebook §3.2. Illumination normalisation (mean 128 per RGB channel) before every histogram. Green = best value of the column.
A3: Color space | B3: Histogram | C3: Bins per channel | D3: Descriptor dim. | E3: Similarity | F3: map@1 QSD1 | G3: map@5 QSD1 | H3: map@1 QSD2 (GT crop) | I3: map@5 QSD2 (GT crop) | J3: map@1 + BG_Removal (T5) | K3: map@5 + BG_Removal (T5) | L3: MRR QSD1 | M3: MRR QSD2 (GT crop) | N3: MRR + BG_Removal (T5) | O3: Mean map@1 (QSD1 + QSD2-GT) | P3: Mean map@1 (3 sets) | Q3: Mean MRR (3 sets)
A4: RGB | B4: 1D (per channel) | C4: 8 | D4: 24 | E4: Jensen-Shannon | F4: 0.7 | G4: 0.78888889 | H4: 0.6 | I4: 0.64166667 | J4: 0.4 | K4: 0.49555556 | L4: 0.79631851 | M4: 0.6551584 | N4: 0.52283131 | O4: =AVERAGE(F4,H4) -> 0.65 | P4: =AVERAGE(F4,H4,J4) -> 0.56666667 | Q4: =AVERAGE(L4,M4,N4) -> 0.65810274
E5: L1 (= intersection) | F5: 0.63333333 | G5: 0.75388889 | H5: 0.53333333 | I5: 0.60833333 | J5: 0.4 | K5: 0.49 | L5: 0.75525132 | M5: 0.61915524 | N5: 0.50818601 | O5: =AVERAGE(F5,H5) -> 0.58333333 | P5: =AVERAGE(F5,H5,J5) -> 0.52222222 | Q5: =AVERAGE(L5,M5,N5) -> 0.62753086
E6: Chi-square | F6: 0.7 | G6: 0.78888889 | H6: 0.6 | I6: 0.64166667 | J6: 0.4 | K6: 0.49555556 | L6: 0.79628831 | M6: 0.65502172 | N6: 0.52127448 | O6: =AVERAGE(F6,H6) -> 0.65 | P6: =AVERAGE(F6,H6,J6) -> 0.56666667 | Q6: =AVERAGE(L6,M6,N6) -> 0.65752817
E7: Hellinger | F7: 0.7 | G7: 0.78888889 | H7: 0.6 | I7: 0.64166667 | J7: 0.4 | K7: 0.50222222 | L7: 0.79634414 | M7: 0.65499347 | N7: 0.52162151 | O7: =AVERAGE(F7,H7) -> 0.65 | P7: =AVERAGE(F7,H7,J7) -> 0.56666667 | Q7: =AVERAGE(L7,M7,N7) -> 0.65765304
C8: 16 | D8: 48 | E8: Jensen-Shannon | F8: 0.73333333 | G8: 0.82222222 | H8: 0.6 | I8: 0.65 | J8: 0.5 | K8: 0.55944444 | L8: 0.82442907 | M8: 0.6635792 | N8: 0.57976488 | O8: =AVERAGE(F8,H8) -> 0.66666667 | P8: =AVERAGE(F8,H8,J8) -> 0.61111111 | Q8: =AVERAGE(L8,M8,N8) -> 0.68925772
E9: L1 (= intersection) | F9: 0.66666667 | G9: 0.75277778 | H9: 0.6 | I9: 0.64277778 | J9: 0.43333333 | K9: 0.52222222 | L9: 0.76559524 | M9: 0.65356246 | N9: 0.54129891 | O9: =AVERAGE(F9,H9) -> 0.63333333 | P9: =AVERAGE(F9,H9,J9) -> 0.56666667 | Q9: =AVERAGE(L9,M9,N9) -> 0.65348554
E10: Chi-square | F10: 0.73333333 | G10: 0.82222222 | H10: 0.6 | I10: 0.65 | J10: 0.46666667 | K10: 0.54277778 | L10: 0.82436869 | M10: 0.66355062 | N10: 0.56357773 | O10: =AVERAGE(F10,H10) -> 0.66666667 | P10: =AVERAGE(F10,H10,J10) -> 0.6 | Q10: =AVERAGE(L10,M10,N10) -> 0.68383234
E11: Hellinger | F11: 0.7 | G11: 0.80277778 | H11: 0.6 | I11: 0.65 | J11: 0.5 | K11: 0.55944444 | L11: 0.80505051 | M11: 0.66443845 | N11: 0.57994021 | O11: =AVERAGE(F11,H11) -> 0.65 | P11: =AVERAGE(F11,H11,J11) -> 0.6 | Q11: =AVERAGE(L11,M11,N11) -> 0.68314305
C12: 32 | D12: 96 | E12: Jensen-Shannon | F12: 0.7 | G12: 0.78888889 | H12: 0.56666667 | I12: 0.62888889 | J12: 0.46666667 | K12: 0.54444444 | L12: 0.79111326 | M12: 0.64298187 | N12: 0.56475964 | O12: =AVERAGE(F12,H12) -> 0.63333333 | P12: =AVERAGE(F12,H12,J12) -> 0.57777778 | Q12: =AVERAGE(L12,M12,N12) -> 0.66628492
E13: L1 (= intersection) | F13: 0.66666667 | G13: 0.74555556 | H13: 0.6 | I13: 0.63444444 | J13: 0.43333333 | K13: 0.50833333 | L13: 0.75695915 | M13: 0.65088859 | N13: 0.53352245 | O13: =AVERAGE(F13,H13) -> 0.63333333 | P13: =AVERAGE(F13,H13,J13) -> 0.56666667 | Q13: =AVERAGE(L13,M13,N13) -> 0.6471234
E14: Chi-square | F14: 0.76666667 | G14: 0.82055556 | H14: 0.6 | I14: 0.64555556 | J14: 0.5 | K14: 0.56111111 | L14: 0.82269928 | M14: 0.65941154 | N14: 0.58106934 | O14: =AVERAGE(F14,H14) -> 0.68333333 | P14: =AVERAGE(F14,H14,J14) -> 0.62222222 | Q14: =AVERAGE(L14,M14,N14) -> 0.68772672
E15: Hellinger | F15: 0.66666667 | G15: 0.77222222 | H15: 0.56666667 | I15: 0.62333333 | J15: 0.43333333 | K15: 0.52222222 | L15: 0.77461353 | M15: 0.63741362 | N15: 0.5421812 | O15: =AVERAGE(F15,H15) -> 0.61666667 | P15: =AVERAGE(F15,H15,J15) -> 0.55555556 | Q15: =AVERAGE(L15,M15,N15) -> 0.65140278
C16: 64 | D16: 192 | E16: Jensen-Shannon | F16: 0.73333333 | G16: 0.78833333 | H16: 0.53333333 | I16: 0.59722222 | J16: 0.43333333 | K16: 0.51388889 | L16: 0.79276984 | M16: 0.61212588 | N16: 0.53513937 | O16: =AVERAGE(F16,H16) -> 0.63333333 | P16: =AVERAGE(F16,H16,J16) -> 0.56666667 | Q16: =AVERAGE(L16,M16,N16) -> 0.64667836
E17: L1 (= intersection) | F17: 0.7 | G17: 0.75277778 | H17: 0.6 | I17: 0.61944444 | J17: 0.4 | K17: 0.465 | L17: 0.76901739 | M17: 0.64167453 | N17: 0.4937139 | O17: =AVERAGE(F17,H17) -> 0.65 | P17: =AVERAGE(F17,H17,J17) -> 0.56666667 | Q17: =AVERAGE(L17,M17,N17) -> 0.63480194
E18: Chi-square | F18: 0.73333333 | G18: 0.78166667 | H18: 0.53333333 | I18: 0.59555556 | J18: 0.5 | K18: 0.54444444 | L18: 0.79205556 | M18: 0.61063582 | N18: 0.56612727 | O18: =AVERAGE(F18,H18) -> 0.63333333 | P18: =AVERAGE(F18,H18,J18) -> 0.58888889 | Q18: =AVERAGE(L18,M18,N18) -> 0.65627288
E19: Hellinger | F19: 0.7 | G19: 0.77333333 | H19: 0.53333333 | I19: 0.59166667 | J19: 0.43333333 | K19: 0.50833333 | L19: 0.77775098 | M19: 0.60655968 | N19: 0.52982878 | O19: =AVERAGE(F19,H19) -> 0.61666667 | P19: =AVERAGE(F19,H19,J19) -> 0.55555556 | Q19: =AVERAGE(L19,M19,N19) -> 0.63804648
B20: 3D (joint) | C20: 4 | D20: 64 | E20: Jensen-Shannon | F20: 0.9 | G20: 0.92777778 | H20: 0.7 | I20: 0.74555556 | J20: 0.5 | K20: 0.595 | L20: 0.93333333 | M20: 0.75674473 | N20: 0.6108196 | O20: =AVERAGE(F20,H20) -> 0.8 | P20: =AVERAGE(F20,H20,J20) -> 0.7 | Q20: =AVERAGE(L20,M20,N20) -> 0.76696589
E21: L1 (= intersection) | F21: 0.8 | G21: 0.82777778 | H21: 0.63333333 | I21: 0.68611111 | J21: 0.4 | K21: 0.49555556 | L21: 0.83991172 | M21: 0.69917166 | N21: 0.52104027 | O21: =AVERAGE(F21,H21) -> 0.71666667 | P21: =AVERAGE(F21,H21,J21) -> 0.61111111 | Q21: =AVERAGE(L21,M21,N21) -> 0.68670789
E22: Chi-square | F22: 0.9 | G22: 0.92333333 | H22: 0.7 | I22: 0.73888889 | J22: 0.5 | K22: 0.58166667 | L22: 0.92809524 | M22: 0.75326782 | N22: 0.60959219 | O22: =AVERAGE(F22,H22) -> 0.8 | P22: =AVERAGE(F22,H22,J22) -> 0.7 | Q22: =AVERAGE(L22,M22,N22) -> 0.76365175
E23: Hellinger | F23: 0.9 | G23: 0.93444444 | H23: 0.7 | I23: 0.74722222 | J23: 0.53333333 | K23: 0.615 | L23: 0.93444444 | M23: 0.75898872 | N23: 0.63055083 | O23: =AVERAGE(F23,H23) -> 0.8 | P23: =AVERAGE(F23,H23,J23) -> 0.71111111 | Q23: =AVERAGE(L23,M23,N23) -> 0.77466133
C24: 6 | D24: 216 | E24: Jensen-Shannon | F24: 0.96666667 | G24: 0.98333333 | H24: 0.76666667 | I24: 0.80111111 | J24: 0.66666667 | K24: 0.73888889 | L24: 0.98333333 | M24: 0.81424339 | N24: 0.75003242 | O24: =AVERAGE(F24,H24) -> 0.86666667 | P24: =AVERAGE(F24,H24,J24) -> 0.8 | Q24: =AVERAGE(L24,M24,N24) -> 0.84920305
E25: L1 (= intersection) | F25: 0.9 | G25: 0.95 | H25: 0.73333333 | I25: 0.76666667 | J25: 0.6 | K25: 0.70111111 | L25: 0.95 | M25: 0.78257937 | N25: 0.70853571 | O25: =AVERAGE(F25,H25) -> 0.81666667 | P25: =AVERAGE(F25,H25,J25) -> 0.74444444 | Q25: =AVERAGE(L25,M25,N25) -> 0.81370503
E26: Chi-square | F26: 0.96666667 | G26: 0.98333333 | H26: 0.76666667 | I26: 0.79444444 | J26: 0.66666667 | K26: 0.74111111 | L26: 0.98333333 | M26: 0.8110582 | N26: 0.74815376 | O26: =AVERAGE(F26,H26) -> 0.86666667 | P26: =AVERAGE(F26,H26,J26) -> 0.8 | Q26: =AVERAGE(L26,M26,N26) -> 0.8475151
E27: Hellinger | F27: 0.9 | G27: 0.95 | H27: 0.8 | I27: 0.82444444 | J27: 0.7 | K27: 0.75555556 | L27: 0.95 | M27: 0.83271605 | N27: 0.76494359 | O27: =AVERAGE(F27,H27) -> 0.85 | P27: =AVERAGE(F27,H27,J27) -> 0.8 | Q27: =AVERAGE(L27,M27,N27) -> 0.84921988
C28: 8 | D28: 512 | E28: Jensen-Shannon | F28: 1 | G28: 1 | H28: 0.8 | I28: 0.84 | J28: 0.73333333 | K28: 0.765 | L28: 1 | M28: 0.85066919 | N28: 0.7746176 | O28: =AVERAGE(F28,H28) -> 0.9 | P28: =AVERAGE(F28,H28,J28) -> 0.84444444 | Q28: =AVERAGE(L28,M28,N28) -> 0.8750956
E29: L1 (= intersection) | F29: 0.9 | G29: 0.94444444 | H29: 0.73333333 | I29: 0.76111111 | J29: 0.56666667 | K29: 0.66111111 | L29: 0.94444444 | M29: 0.78193957 | N29: 0.67768756 | O29: =AVERAGE(F29,H29) -> 0.81666667 | P29: =AVERAGE(F29,H29,J29) -> 0.73333333 | Q29: =AVERAGE(L29,M29,N29) -> 0.80135719
E30: Chi-square | F30: 1 | G30: 1 | H30: 0.8 | I30: 0.83444444 | J30: 0.73333333 | K30: 0.75833333 | L30: 1 | M30: 0.84512821 | N30: 0.77158554 | O30: =AVERAGE(F30,H30) -> 0.9 | P30: =AVERAGE(F30,H30,J30) -> 0.84444444 | Q30: =AVERAGE(L30,M30,N30) -> 0.87223792
E31: Hellinger | F31: 1 | G31: 1 | H31: 0.8 | I31: 0.85 | J31: 0.76666667 | K31: 0.78333333 | L31: 1 | M31: 0.86054664 | N31: 0.7926977 | O31: =AVERAGE(F31,H31) -> 0.9 | P31: =AVERAGE(F31,H31,J31) -> 0.85555556 | Q31: =AVERAGE(L31,M31,N31) -> 0.88441478
C32: 12 | D32: 1728 | E32: Jensen-Shannon | F32: 1 | G32: 1 | H32: 0.76666667 | I32: 0.83444444 | J32: 0.76666667 | K32: 0.79444444 | L32: 1 | M32: 0.84333333 | N32: 0.80598813 | O32: =AVERAGE(F32,H32) -> 0.88333333 | P32: =AVERAGE(F32,H32,J32) -> 0.84444444 | Q32: =AVERAGE(L32,M32,N32) -> 0.88310716
E33: L1 (= intersection) | F33: 0.9 | G33: 0.93611111 | H33: 0.76666667 | I33: 0.81777778 | J33: 0.73333333 | K33: 0.76666667 | L33: 0.93611111 | M33: 0.82784512 | N33: 0.77933815 | O33: =AVERAGE(F33,H33) -> 0.83333333 | P33: =AVERAGE(F33,H33,J33) -> 0.8 | Q33: =AVERAGE(L33,M33,N33) -> 0.84776479
E34: Chi-square | F34: 0.96666667 | G34: 0.98333333 | H34: 0.76666667 | I34: 0.82222222 | J34: 0.76666667 | K34: 0.79444444 | L34: 0.98333333 | M34: 0.83703704 | N34: 0.80529101 | O34: =AVERAGE(F34,H34) -> 0.86666667 | P34: =AVERAGE(F34,H34,J34) -> 0.83333333 | Q34: =AVERAGE(L34,M34,N34) -> 0.87522046
E35: Hellinger | F35: 1 | G35: 1 | H35: 0.76666667 | I35: 0.83888889 | J35: 0.76666667 | K35: 0.8 | L35: 1 | M35: 0.8468254 | N35: 0.81208596 | O35: =AVERAGE(F35,H35) -> 0.88333333 | P35: =AVERAGE(F35,H35,J35) -> 0.84444444 | Q35: =AVERAGE(L35,M35,N35) -> 0.88630379
C36: 16 | D36: 4096 | E36: Jensen-Shannon | F36: 1 | G36: 1 | H36: 0.83333333 | I36: 0.89444444 | J36: 0.76666667 | K36: 0.80777778 | L36: 1 | M36: 0.9 | N36: 0.8119434 | O36: =AVERAGE(F36,H36) -> 0.91666667 | P36: =AVERAGE(F36,H36,J36) -> 0.86666667 | Q36: =AVERAGE(L36,M36,N36) -> 0.90398113
E37: L1 (= intersection) | F37: 1 | G37: 1 | H37: 0.76666667 | I37: 0.84944444 | J37: 0.6 | K37: 0.7 | L37: 1 | M37: 0.84944444 | N37: 0.71750397 | O37: =AVERAGE(F37,H37) -> 0.88333333 | P37: =AVERAGE(F37,H37,J37) -> 0.78888889 | Q37: =AVERAGE(L37,M37,N37) -> 0.85564947
E38: Chi-square | F38: 1 | G38: 1 | H38: 0.83333333 | I38: 0.88333333 | J38: 0.73333333 | K38: 0.78444444 | L38: 1 | M38: 0.88888889 | N38: 0.7943864 | O38: =AVERAGE(F38,H38) -> 0.91666667 | P38: =AVERAGE(F38,H38,J38) -> 0.85555556 | Q38: =AVERAGE(L38,M38,N38) -> 0.8944251
E39: Hellinger | F39: 1 | G39: 1 | H39: 0.8 | I39: 0.875 | J39: 0.76666667 | K39: 0.80555556 | L39: 1 | M39: 0.87916667 | N39: 0.81428042 | O39: =AVERAGE(F39,H39) -> 0.9 | P39: =AVERAGE(F39,H39,J39) -> 0.85555556 | Q39: =AVERAGE(L39,M39,N39) -> 0.8978157
C40: 24 | D40: 13824 | E40: Jensen-Shannon | F40: 0.96666667 | G40: 0.97777778 | H40: 0.76666667 | I40: 0.85 | J40: 0.73333333 | K40: 0.79166667 | L40: 0.97777778 | M40: 0.85858586 | N40: 0.79664717 | O40: =AVERAGE(F40,H40) -> 0.86666667 | P40: =AVERAGE(F40,H40,J40) -> 0.82222222 | Q40: =AVERAGE(L40,M40,N40) -> 0.87767027
E41: L1 (= intersection) | F41: 0.96666667 | G41: 0.97777778 | H41: 0.73333333 | I41: 0.81444444 | J41: 0.63333333 | K41: 0.71222222 | L41: 0.97777778 | M41: 0.81814815 | N41: 0.72487554 | O41: =AVERAGE(F41,H41) -> 0.85 | P41: =AVERAGE(F41,H41,J41) -> 0.77777778 | Q41: =AVERAGE(L41,M41,N41) -> 0.84026716
E42: Chi-square | F42: 0.96666667 | G42: 0.98333333 | H42: 0.76666667 | I42: 0.84444444 | J42: 0.66666667 | K42: 0.75388889 | L42: 0.98333333 | M42: 0.85333333 | N42: 0.75869565 | O42: =AVERAGE(F42,H42) -> 0.86666667 | P42: =AVERAGE(F42,H42,J42) -> 0.8 | Q42: =AVERAGE(L42,M42,N42) -> 0.86512077
E43: Hellinger | F43: 0.96666667 | G43: 0.97777778 | H43: 0.8 | I43: 0.86111111 | J43: 0.73333333 | K43: 0.78611111 | L43: 0.97777778 | M43: 0.86843712 | N43: 0.79617347 | O43: =AVERAGE(F43,H43) -> 0.88333333 | P43: =AVERAGE(F43,H43,J43) -> 0.83333333 | Q43: =AVERAGE(L43,M43,N43) -> 0.88079612
A44: HSV | B44: 1D (per channel) | C44: 8 | D44: 24 | E44: Jensen-Shannon | F44: 0.8 | G44: 0.88611111 | H44: 0.6 | I44: 0.70111111 | J44: 0.46666667 | K44: 0.55277778 | L44: 0.88611111 | M44: 0.71140451 | N44: 0.57887422 | O44: =AVERAGE(F44,H44) -> 0.7 | P44: =AVERAGE(F44,H44,J44) -> 0.62222222 | Q44: =AVERAGE(L44,M44,N44) -> 0.72546328
E45: L1 (= intersection) | F45: 0.83333333 | G45: 0.86666667 | H45: 0.63333333 | I45: 0.70833333 | J45: 0.46666667 | K45: 0.575 | L45: 0.88055556 | M45: 0.72333243 | N45: 0.60152801 | O45: =AVERAGE(F45,H45) -> 0.73333333 | P45: =AVERAGE(F45,H45,J45) -> 0.64444444 | Q45: =AVERAGE(L45,M45,N45) -> 0.73513867
E46: Chi-square | F46: 0.86666667 | G46: 0.91944444 | H46: 0.6 | I46: 0.70944444 | J46: 0.46666667 | K46: 0.55944444 | L46: 0.91944444 | M46: 0.72074603 | N46: 0.57941132 | O46: =AVERAGE(F46,H46) -> 0.73333333 | P46: =AVERAGE(F46,H46,J46) -> 0.64444444 | Q46: =AVERAGE(L46,M46,N46) -> 0.73986727
E47: Hellinger | F47: 0.8 | G47: 0.88055556 | H47: 0.56666667 | I47: 0.67444444 | J47: 0.46666667 | K47: 0.55277778 | L47: 0.88055556 | M47: 0.68883634 | N47: 0.58008023 | O47: =AVERAGE(F47,H47) -> 0.68333333 | P47: =AVERAGE(F47,H47,J47) -> 0.61111111 | Q47: =AVERAGE(L47,M47,N47) -> 0.71649071
C48: 16 | D48: 48 | E48: Jensen-Shannon | F48: 0.9 | G48: 0.95 | H48: 0.6 | I48: 0.665 | J48: 0.5 | K48: 0.57222222 | L48: 0.95 | M48: 0.67960576 | N48: 0.5969524 | O48: =AVERAGE(F48,H48) -> 0.75 | P48: =AVERAGE(F48,H48,J48) -> 0.66666667 | Q48: =AVERAGE(L48,M48,N48) -> 0.74218605
E49: L1 (= intersection) | F49: 0.86666667 | G49: 0.925 | H49: 0.6 | I49: 0.65833333 | J49: 0.56666667 | K49: 0.60555556 | L49: 0.925 | M49: 0.677866 | N49: 0.62506435 | O49: =AVERAGE(F49,H49) -> 0.73333333 | P49: =AVERAGE(F49,H49,J49) -> 0.67777778 | Q49: =AVERAGE(L49,M49,N49) -> 0.74264345
E50: Chi-square | F50: 0.9 | G50: 0.95 | H50: 0.56666667 | I50: 0.63833333 | J50: 0.5 | K50: 0.57777778 | L50: 0.95 | M50: 0.65891465 | N50: 0.60191963 | O50: =AVERAGE(F50,H50) -> 0.73333333 | P50: =AVERAGE(F50,H50,J50) -> 0.65555556 | Q50: =AVERAGE(L50,M50,N50) -> 0.73694476
E51: Hellinger | F51: 0.86666667 | G51: 0.93333333 | H51: 0.6 | I51: 0.665 | J51: 0.5 | K51: 0.57444444 | L51: 0.93333333 | M51: 0.67866344 | N51: 0.59471476 | O51: =AVERAGE(F51,H51) -> 0.73333333 | P51: =AVERAGE(F51,H51,J51) -> 0.65555556 | Q51: =AVERAGE(L51,M51,N51) -> 0.73557051
C52: 32 | D52: 96 | E52: Jensen-Shannon | F52: 0.76666667 | G52: 0.86944444 | H52: 0.56666667 | I52: 0.68055556 | J52: 0.5 | K52: 0.61333333 | L52: 0.86944444 | M52: 0.69588137 | N52: 0.62586365 | O52: =AVERAGE(F52,H52) -> 0.66666667 | P52: =AVERAGE(F52,H52,J52) -> 0.61111111 | Q52: =AVERAGE(L52,M52,N52) -> 0.73039649
E53: L1 (= intersection) | F53: 0.76666667 | G53: 0.875 | H53: 0.56666667 | I53: 0.64722222 | J53: 0.5 | K53: 0.57611111 | L53: 0.875 | M53: 0.67038345 | N53: 0.6043773 | O53: =AVERAGE(F53,H53) -> 0.66666667 | P53: =AVERAGE(F53,H53,J53) -> 0.61111111 | Q53: =AVERAGE(L53,M53,N53) -> 0.71658692
E54: Chi-square | F54: 0.8 | G54: 0.88444444 | H54: 0.56666667 | I54: 0.69444444 | J54: 0.46666667 | K54: 0.58722222 | L54: 0.88444444 | M54: 0.70470409 | N54: 0.60095976 | O54: =AVERAGE(F54,H54) -> 0.68333333 | P54: =AVERAGE(F54,H54,J54) -> 0.61111111 | Q54: =AVERAGE(L54,M54,N54) -> 0.7300361
E55: Hellinger | F55: 0.76666667 | G55: 0.86944444 | H55: 0.56666667 | I55: 0.68333333 | J55: 0.5 | K55: 0.61222222 | L55: 0.86944444 | M55: 0.69704169 | N55: 0.6232968 | O55: =AVERAGE(F55,H55) -> 0.66666667 | P55: =AVERAGE(F55,H55,J55) -> 0.61111111 | Q55: =AVERAGE(L55,M55,N55) -> 0.72992764
C56: 64 | D56: 192 | E56: Jensen-Shannon | F56: 0.73333333 | G56: 0.83444444 | H56: 0.56666667 | I56: 0.69444444 | J56: 0.46666667 | K56: 0.58444444 | L56: 0.83861111 | M56: 0.70399973 | N56: 0.6021538 | O56: =AVERAGE(F56,H56) -> 0.65 | P56: =AVERAGE(F56,H56,J56) -> 0.58888889 | Q56: =AVERAGE(L56,M56,N56) -> 0.71492154
E57: L1 (= intersection) | F57: 0.76666667 | G57: 0.86777778 | H57: 0.63333333 | I57: 0.71666667 | J57: 0.46666667 | K57: 0.57888889 | L57: 0.86777778 | M57: 0.73442619 | N57: 0.5988679 | O57: =AVERAGE(F57,H57) -> 0.7 | P57: =AVERAGE(F57,H57,J57) -> 0.62222222 | Q57: =AVERAGE(L57,M57,N57) -> 0.73369062
E58: Chi-square | F58: 0.73333333 | G58: 0.83166667 | H58: 0.53333333 | I58: 0.67777778 | J58: 0.46666667 | K58: 0.57444444 | L58: 0.83583333 | M58: 0.68789021 | N58: 0.59230294 | O58: =AVERAGE(F58,H58) -> 0.63333333 | P58: =AVERAGE(F58,H58,J58) -> 0.57777778 | Q58: =AVERAGE(L58,M58,N58) -> 0.70534216
E59: Hellinger | F59: 0.73333333 | G59: 0.84166667 | H59: 0.53333333 | I59: 0.66666667 | J59: 0.46666667 | K59: 0.59444444 | L59: 0.84583333 | M59: 0.68030283 | N59: 0.60565849 | O59: =AVERAGE(F59,H59) -> 0.63333333 | P59: =AVERAGE(F59,H59,J59) -> 0.57777778 | Q59: =AVERAGE(L59,M59,N59) -> 0.71059822
B60: 2D (chroma) | C60: 8 | D60: 64 | E60: Jensen-Shannon | F60: 0.76666667 | G60: 0.80666667 | H60: 0.5 | I60: 0.58 | J60: 0.5 | K60: 0.58055556 | L60: 0.81895623 | M60: 0.59535723 | N60: 0.59121095 | O60: =AVERAGE(F60,H60) -> 0.63333333 | P60: =AVERAGE(F60,H60,J60) -> 0.58888889 | Q60: =AVERAGE(L60,M60,N60) -> 0.66850814
E61: L1 (= intersection) | F61: 0.7 | G61: 0.75833333 | H61: 0.5 | I61: 0.555 | J61: 0.46666667 | K61: 0.55277778 | L61: 0.77372967 | M61: 0.57582534 | N61: 0.56194784 | O61: =AVERAGE(F61,H61) -> 0.6 | P61: =AVERAGE(F61,H61,J61) -> 0.55555556 | Q61: =AVERAGE(L61,M61,N61) -> 0.63716762
E62: Chi-square | F62: 0.73333333 | G62: 0.78333333 | H62: 0.5 | I62: 0.58 | J62: 0.53333333 | K62: 0.59166667 | L62: 0.80132275 | M62: 0.59476876 | N62: 0.60216094 | O62: =AVERAGE(F62,H62) -> 0.61666667 | P62: =AVERAGE(F62,H62,J62) -> 0.58888889 | Q62: =AVERAGE(L62,M62,N62) -> 0.66608415
E63: Hellinger | F63: 0.73333333 | G63: 0.78166667 | H63: 0.5 | I63: 0.57888889 | J63: 0.5 | K63: 0.57777778 | L63: 0.79441919 | M63: 0.59351258 | N63: 0.58887397 | O63: =AVERAGE(F63,H63) -> 0.61666667 | P63: =AVERAGE(F63,H63,J63) -> 0.57777778 | Q63: =AVERAGE(L63,M63,N63) -> 0.65893525
C64: 16 | D64: 256 | E64: Jensen-Shannon | F64: 0.76666667 | G64: 0.83611111 | H64: 0.6 | I64: 0.655 | J64: 0.5 | K64: 0.57722222 | L64: 0.84398148 | M64: 0.66875648 | N64: 0.58753642 | O64: =AVERAGE(F64,H64) -> 0.68333333 | P64: =AVERAGE(F64,H64,J64) -> 0.62222222 | Q64: =AVERAGE(L64,M64,N64) -> 0.70009146
E65: L1 (= intersection) | F65: 0.83333333 | G65: 0.86111111 | H65: 0.56666667 | I65: 0.615 | J65: 0.46666667 | K65: 0.54722222 | L65: 0.87340067 | M65: 0.63109712 | N65: 0.56151096 | O65: =AVERAGE(F65,H65) -> 0.7 | P65: =AVERAGE(F65,H65,J65) -> 0.62222222 | Q65: =AVERAGE(L65,M65,N65) -> 0.68866959
E66: Chi-square | F66: 0.76666667 | G66: 0.83444444 | H66: 0.6 | I66: 0.65111111 | J66: 0.53333333 | K66: 0.60111111 | L66: 0.84185185 | M66: 0.668793 | N66: 0.61163865 | O66: =AVERAGE(F66,H66) -> 0.68333333 | P66: =AVERAGE(F66,H66,J66) -> 0.63333333 | Q66: =AVERAGE(L66,M66,N66) -> 0.70742783
E67: Hellinger | F67: 0.73333333 | G67: 0.82222222 | H67: 0.6 | I67: 0.64833333 | J67: 0.5 | K67: 0.59277778 | L67: 0.83068783 | M67: 0.66781349 | N67: 0.60391097 | O67: =AVERAGE(F67,H67) -> 0.66666667 | P67: =AVERAGE(F67,H67,J67) -> 0.61111111 | Q67: =AVERAGE(L67,M67,N67) -> 0.7008041
C68: 32 | D68: 1024 | E68: Jensen-Shannon | F68: 0.76666667 | G68: 0.81666667 | H68: 0.63333333 | I68: 0.7 | J68: 0.46666667 | K68: 0.56666667 | L68: 0.82554012 | M68: 0.70479007 | N68: 0.58635428 | O68: =AVERAGE(F68,H68) -> 0.7 | P68: =AVERAGE(F68,H68,J68) -> 0.62222222 | Q68: =AVERAGE(L68,M68,N68) -> 0.70556149
E69: L1 (= intersection) | F69: 0.7 | G69: 0.78277778 | H69: 0.56666667 | I69: 0.64666667 | J69: 0.43333333 | K69: 0.55277778 | L69: 0.78651515 | M69: 0.65103229 | N69: 0.56936816 | O69: =AVERAGE(F69,H69) -> 0.63333333 | P69: =AVERAGE(F69,H69,J69) -> 0.56666667 | Q69: =AVERAGE(L69,M69,N69) -> 0.66897187
E70: Chi-square | F70: 0.73333333 | G70: 0.79444444 | H70: 0.6 | I70: 0.68333333 | J70: 0.43333333 | K70: 0.55 | L70: 0.80334967 | M70: 0.68818313 | N70: 0.56992259 | O70: =AVERAGE(F70,H70) -> 0.66666667 | P70: =AVERAGE(F70,H70,J70) -> 0.58888889 | Q70: =AVERAGE(L70,M70,N70) -> 0.6871518
E71: Hellinger | F71: 0.76666667 | G71: 0.81666667 | H71: 0.63333333 | I71: 0.69944444 | J71: 0.46666667 | K71: 0.575 | L71: 0.82395833 | M71: 0.70441384 | N71: 0.59009547 | O71: =AVERAGE(F71,H71) -> 0.7 | P71: =AVERAGE(F71,H71,J71) -> 0.62222222 | Q71: =AVERAGE(L71,M71,N71) -> 0.70615588
B72: 2D chroma + 1D luma | C72: 8 | D72: 72 | E72: Jensen-Shannon | F72: 0.9 | G72: 0.93611111 | H72: 0.56666667 | I72: 0.69111111 | J72: 0.43333333 | K72: 0.54222222 | L72: 0.93611111 | M72: 0.70108494 | N72: 0.56717966 | O72: =AVERAGE(F72,H72) -> 0.73333333 | P72: =AVERAGE(F72,H72,J72) -> 0.63333333 | Q72: =AVERAGE(L72,M72,N72) -> 0.73479191
E73: L1 (= intersection) | F73: 0.83333333 | G73: 0.89444444 | H73: 0.6 | I73: 0.67611111 | J73: 0.46666667 | K73: 0.53277778 | L73: 0.89920635 | M73: 0.69277543 | N73: 0.56030637 | O73: =AVERAGE(F73,H73) -> 0.71666667 | P73: =AVERAGE(F73,H73,J73) -> 0.63333333 | Q73: =AVERAGE(L73,M73,N73) -> 0.71742939
E74: Chi-square | F74: 0.9 | G74: 0.94444444 | H74: 0.56666667 | I74: 0.68666667 | J74: 0.43333333 | K74: 0.54111111 | L74: 0.94444444 | M74: 0.69826087 | N74: 0.56372596 | O74: =AVERAGE(F74,H74) -> 0.73333333 | P74: =AVERAGE(F74,H74,J74) -> 0.63333333 | Q74: =AVERAGE(L74,M74,N74) -> 0.73547709
E75: Hellinger | F75: 0.9 | G75: 0.93444444 | H75: 0.56666667 | I75: 0.69111111 | J75: 0.43333333 | K75: 0.55055556 | L75: 0.93444444 | M75: 0.69841341 | N75: 0.56860219 | O75: =AVERAGE(F75,H75) -> 0.73333333 | P75: =AVERAGE(F75,H75,J75) -> 0.63333333 | Q75: =AVERAGE(L75,M75,N75) -> 0.73382002
C76: 16 | D76: 272 | E76: Jensen-Shannon | F76: 0.9 | G76: 0.94444444 | H76: 0.66666667 | I76: 0.72888889 | J76: 0.56666667 | K76: 0.61666667 | L76: 0.94444444 | M76: 0.73899679 | N76: 0.64610305 | O76: =AVERAGE(F76,H76) -> 0.78333333 | P76: =AVERAGE(F76,H76,J76) -> 0.71111111 | Q76: =AVERAGE(L76,M76,N76) -> 0.77651476
E77: L1 (= intersection) | F77: 0.86666667 | G77: 0.91944444 | H77: 0.66666667 | I77: 0.71888889 | J77: 0.56666667 | K77: 0.62833333 | L77: 0.91944444 | M77: 0.73244108 | N77: 0.63820075 | O77: =AVERAGE(F77,H77) -> 0.76666667 | P77: =AVERAGE(F77,H77,J77) -> 0.7 | Q77: =AVERAGE(L77,M77,N77) -> 0.76336209
E78: Chi-square | F78: 0.9 | G78: 0.94444444 | H78: 0.66666667 | I78: 0.72 | J78: 0.56666667 | K78: 0.61944444 | L78: 0.94444444 | M78: 0.73192652 | N78: 0.64930625 | O78: =AVERAGE(F78,H78) -> 0.78333333 | P78: =AVERAGE(F78,H78,J78) -> 0.71111111 | Q78: =AVERAGE(L78,M78,N78) -> 0.77522574
E79: Hellinger | F79: 0.9 | G79: 0.94166667 | H79: 0.66666667 | I79: 0.73611111 | J79: 0.53333333 | K79: 0.60666667 | L79: 0.94166667 | M79: 0.74444319 | N79: 0.63277682 | O79: =AVERAGE(F79,H79) -> 0.78333333 | P79: =AVERAGE(F79,H79,J79) -> 0.7 | Q79: =AVERAGE(L79,M79,N79) -> 0.77296222
C80: 32 | D80: 1056 | E80: Jensen-Shannon | F80: 0.83333333 | G80: 0.89444444 | H80: 0.66666667 | I80: 0.71944444 | J80: 0.6 | K80: 0.63611111 | L80: 0.89920635 | M80: 0.73607143 | N80: 0.6640734 | O80: =AVERAGE(F80,H80) -> 0.75 | P80: =AVERAGE(F80,H80,J80) -> 0.7 | Q80: =AVERAGE(L80,M80,N80) -> 0.76645039
E81: L1 (= intersection) | F81: 0.86666667 | G81: 0.91944444 | H81: 0.7 | I81: 0.74111111 | J81: 0.53333333 | K81: 0.63722222 | L81: 0.91944444 | M81: 0.75467593 | N81: 0.64776718 | O81: =AVERAGE(F81,H81) -> 0.78333333 | P81: =AVERAGE(F81,H81,J81) -> 0.7 | Q81: =AVERAGE(L81,M81,N81) -> 0.77396252
E82: Chi-square | F82: 0.83333333 | G82: 0.89444444 | H82: 0.66666667 | I82: 0.71388889 | J82: 0.56666667 | K82: 0.61944444 | L82: 0.89920635 | M82: 0.73185426 | N82: 0.64882275 | O82: =AVERAGE(F82,H82) -> 0.75 | P82: =AVERAGE(F82,H82,J82) -> 0.68888889 | Q82: =AVERAGE(L82,M82,N82) -> 0.75996112
E83: Hellinger | F83: 0.8 | G83: 0.87777778 | H83: 0.66666667 | I83: 0.72888889 | J83: 0.6 | K83: 0.64444444 | L83: 0.88194444 | M83: 0.7382381 | N83: 0.66746556 | O83: =AVERAGE(F83,H83) -> 0.73333333 | P83: =AVERAGE(F83,H83,J83) -> 0.68888889 | Q83: =AVERAGE(L83,M83,N83) -> 0.76254937
B84: 3D (joint) | C84: 4 | D84: 64 | E84: Jensen-Shannon | F84: 0.9 | G84: 0.93333333 | H84: 0.56666667 | I84: 0.70833333 | J84: 0.5 | K84: 0.59833333 | L84: 0.93809524 | M84: 0.71861111 | N84: 0.61415227 | O84: =AVERAGE(F84,H84) -> 0.73333333 | P84: =AVERAGE(F84,H84,J84) -> 0.65555556 | Q84: =AVERAGE(L84,M84,N84) -> 0.75695287
E85: L1 (= intersection) | F85: 0.9 | G85: 0.92777778 | H85: 0.6 | I85: 0.70777778 | J85: 0.46666667 | K85: 0.54555556 | L85: 0.93253968 | M85: 0.72377104 | N85: 0.57177361 | O85: =AVERAGE(F85,H85) -> 0.75 | P85: =AVERAGE(F85,H85,J85) -> 0.65555556 | Q85: =AVERAGE(L85,M85,N85) -> 0.74269478
E86: Chi-square | F86: 0.9 | G86: 0.94 | H86: 0.56666667 | I86: 0.70833333 | J86: 0.53333333 | K86: 0.61666667 | L86: 0.94 | M86: 0.71920635 | N86: 0.63240207 | O86: =AVERAGE(F86,H86) -> 0.73333333 | P86: =AVERAGE(F86,H86,J86) -> 0.66666667 | Q86: =AVERAGE(L86,M86,N86) -> 0.76386947
E87: Hellinger | F87: 0.9 | G87: 0.925 | H87: 0.63333333 | I87: 0.73333333 | J87: 0.5 | K87: 0.59833333 | L87: 0.92916667 | M87: 0.74219577 | N87: 0.6163723 | O87: =AVERAGE(F87,H87) -> 0.76666667 | P87: =AVERAGE(F87,H87,J87) -> 0.67777778 | Q87: =AVERAGE(L87,M87,N87) -> 0.76257825
C88: 6 | D88: 216 | E88: Jensen-Shannon | F88: 1 | G88: 1 | H88: 0.8 | I88: 0.84277778 | J88: 0.63333333 | K88: 0.71666667 | L88: 1 | M88: 0.85029412 | N88: 0.73351986 | O88: =AVERAGE(F88,H88) -> 0.9 | P88: =AVERAGE(F88,H88,J88) -> 0.81111111 | Q88: =AVERAGE(L88,M88,N88) -> 0.86127133
E89: L1 (= intersection) | F89: 0.96666667 | G89: 0.98333333 | H89: 0.73333333 | I89: 0.81388889 | J89: 0.66666667 | K89: 0.71111111 | L89: 0.98333333 | M89: 0.82061158 | N89: 0.73256452 | O89: =AVERAGE(F89,H89) -> 0.85 | P89: =AVERAGE(F89,H89,J89) -> 0.78888889 | Q89: =AVERAGE(L89,M89,N89) -> 0.84550314
E90: Chi-square | F90: 1 | G90: 1 | H90: 0.8 | I90: 0.84444444 | J90: 0.63333333 | K90: 0.70555556 | L90: 1 | M90: 0.85196078 | N90: 0.72347538 | O90: =AVERAGE(F90,H90) -> 0.9 | P90: =AVERAGE(F90,H90,J90) -> 0.81111111 | Q90: =AVERAGE(L90,M90,N90) -> 0.85847872
E91: Hellinger | F91: 1 | G91: 1 | H91: 0.8 | I91: 0.84 | J91: 0.66666667 | K91: 0.72777778 | L91: 1 | M91: 0.84651629 | N91: 0.74408009 | O91: =AVERAGE(F91,H91) -> 0.9 | P91: =AVERAGE(F91,H91,J91) -> 0.82222222 | Q91: =AVERAGE(L91,M91,N91) -> 0.86353213
C92: 8 | D92: 512 | E92: Jensen-Shannon | F92: 0.96666667 | G92: 0.975 | H92: 0.8 | I92: 0.86111111 | J92: 0.6 | K92: 0.70777778 | L92: 0.975 | M92: 0.86349206 | N92: 0.71175281 | O92: =AVERAGE(F92,H92) -> 0.88333333 | P92: =AVERAGE(F92,H92,J92) -> 0.78888889 | Q92: =AVERAGE(L92,M92,N92) -> 0.85008162
E93: L1 (= intersection) | F93: 0.96666667 | G93: 0.975 | H93: 0.8 | I93: 0.85111111 | J93: 0.63333333 | K93: 0.70388889 | L93: 0.975 | M93: 0.85527778 | N93: 0.71470574 | O93: =AVERAGE(F93,H93) -> 0.88333333 | P93: =AVERAGE(F93,H93,J93) -> 0.8 | Q93: =AVERAGE(L93,M93,N93) -> 0.84832784
E94: Chi-square | F94: 0.96666667 | G94: 0.975 | H94: 0.8 | I94: 0.86111111 | J94: 0.6 | K94: 0.70777778 | L94: 0.975 | M94: 0.86349206 | N94: 0.71189103 | O94: =AVERAGE(F94,H94) -> 0.88333333 | P94: =AVERAGE(F94,H94,J94) -> 0.78888889 | Q94: =AVERAGE(L94,M94,N94) -> 0.8501277
E95: Hellinger | F95: 0.96666667 | G95: 0.975 | H95: 0.76666667 | I95: 0.84111111 | J95: 0.6 | K95: 0.70888889 | L95: 0.975 | M95: 0.84319444 | N95: 0.71335317 | O95: =AVERAGE(F95,H95) -> 0.86666667 | P95: =AVERAGE(F95,H95,J95) -> 0.77777778 | Q95: =AVERAGE(L95,M95,N95) -> 0.84384921
C96: 12 | D96: 1728 | E96: Jensen-Shannon | F96: 0.96666667 | G96: 0.975 | H96: 0.83333333 | I96: 0.88333333 | J96: 0.66666667 | K96: 0.75944444 | L96: 0.975 | M96: 0.88492063 | N96: 0.76293709 | O96: =AVERAGE(F96,H96) -> 0.9 | P96: =AVERAGE(F96,H96,J96) -> 0.82222222 | Q96: =AVERAGE(L96,M96,N96) -> 0.87428591
E97: L1 (= intersection) | F97: 0.96666667 | G97: 0.975 | H97: 0.86666667 | I97: 0.90833333 | J97: 0.63333333 | K97: 0.73166667 | L97: 0.975 | M97: 0.90984848 | N97: 0.74000804 | O97: =AVERAGE(F97,H97) -> 0.91666667 | P97: =AVERAGE(F97,H97,J97) -> 0.82222222 | Q97: =AVERAGE(L97,M97,N97) -> 0.87495218
E98: Chi-square | F98: 0.96666667 | G98: 0.975 | H98: 0.83333333 | I98: 0.88888889 | J98: 0.66666667 | K98: 0.755 | L98: 0.975 | M98: 0.89047619 | N98: 0.75853155 | O98: =AVERAGE(F98,H98) -> 0.9 | P98: =AVERAGE(F98,H98,J98) -> 0.82222222 | Q98: =AVERAGE(L98,M98,N98) -> 0.87466925
E99: Hellinger | F99: 0.96666667 | G99: 0.975 | H99: 0.83333333 | I99: 0.88 | J99: 0.7 | K99: 0.77611111 | L99: 0.975 | M99: 0.88175439 | N99: 0.78001835 | O99: =AVERAGE(F99,H99) -> 0.9 | P99: =AVERAGE(F99,H99,J99) -> 0.83333333 | Q99: =AVERAGE(L99,M99,N99) -> 0.87892425
C100: 16 | D100: 4096 | E100: Jensen-Shannon | F100: 0.96666667 | G100: 0.96666667 | H100: 0.83333333 | I100: 0.88611111 | J100: 0.66666667 | K100: 0.75777778 | L100: 0.97222222 | M100: 0.88726054 | N100: 0.76047438 | O100: =AVERAGE(F100,H100) -> 0.9 | P100: =AVERAGE(F100,H100,J100) -> 0.82222222 | Q100: =AVERAGE(L100,M100,N100) -> 0.87331905
...

Sheet 2. Bin placement
A1: Where to place the bins: uniform over [0,255] vs range-adapted vs quantile (global 3D histograms)
A2: Notebook §3.3. uniform = equal width over the full channel range; range-adapted = equal width over the 0.5–99.5 percentile of the BBDD pixels; quantile = each bin gets the same number of BBDD pixels.
A3: Color space | B3: Bins per channel | C3: Bin placement | D3: Similarity | E3: map@1 QSD1 | F3: map@5 QSD1 | G3: map@1 QSD2 (GT crop) | H3: map@5 QSD2 (GT crop) | I3: map@1 + BG_Removal (T5) | J3: map@5 + BG_Removal (T5) | K3: MRR QSD1 | L3: MRR QSD2 (GT crop) | M3: MRR + BG_Removal (T5) | N3: Mean map@1 (QSD1 + QSD2-GT) | O3: Mean map@1 (3 sets) | P3: Mean MRR (3 sets)
A4: RGB | B4: 8 (8×8×8) | C4: uniform | D4: Chi-square | E4: 1 | F4: 1 | G4: 0.8 | H4: 0.83444444 | I4: 0.73333333 | J4: 0.75833333 | K4: 1 | L4: 0.84512821 | M4: 0.77158554 | N4: =AVERAGE(E4,G4) -> 0.9 | O4: =AVERAGE(E4,G4,I4) -> 0.84444444 | P4: =AVERAGE(K4,L4,M4) -> 0.87223792
D5: Hellinger | E5: 1 | F5: 1 | G5: 0.8 | H5: 0.85 | I5: 0.76666667 | J5: 0.78333333 | K5: 1 | L5: 0.86054664 | M5: 0.7926977 | N5: =AVERAGE(E5,G5) -> 0.9 | O5: =AVERAGE(E5,G5,I5) -> 0.85555556 | P5: =AVERAGE(K5,L5,M5) -> 0.88441478
C6: range-adapted | D6: Chi-square | E6: 1 | F6: 1 | G6: 0.8 | H6: 0.82888889 | I6: 0.73333333 | J6: 0.775 | K6: 1 | L6: 0.8403848 | M6: 0.78728349 | N6: =AVERAGE(E6,G6) -> 0.9 | O6: =AVERAGE(E6,G6,I6) -> 0.84444444 | P6: =AVERAGE(K6,L6,M6) -> 0.87588943
D7: Hellinger | E7: 1 | F7: 1 | G7: 0.8 | H7: 0.84166667 | I7: 0.76666667 | J7: 0.79166667 | K7: 1 | L7: 0.84665775 | M7: 0.80235591 | N7: =AVERAGE(E7,G7) -> 0.9 | O7: =AVERAGE(E7,G7,I7) -> 0.85555556 | P7: =AVERAGE(K7,L7,M7) -> 0.88300456
C8: quantile | D8: Chi-square | E8: 0.96666667 | F8: 0.98333333 | G8: 0.76666667 | H8: 0.81666667 | I8: 0.8 | J8: 0.81666667 | K8: 0.98333333 | L8: 0.8348545 | M8: 0.8304792 | N8: =AVERAGE(E8,G8) -> 0.86666667 | O8: =AVERAGE(E8,G8,I8) -> 0.84444444 | P8: =AVERAGE(K8,L8,M8) -> 0.88288901
D9: Hellinger | E9: 1 | F9: 1 | G9: 0.8 | H9: 0.84166667 | I9: 0.8 | J9: 0.81666667 | K9: 1 | L9: 0.85535714 | M9: 0.83026474 | N9: =AVERAGE(E9,G9) -> 0.9 | O9: =AVERAGE(E9,G9,I9) -> 0.86666667 | P9: =AVERAGE(K9,L9,M9) -> 0.89520729
B10: 12 (12×12×12) | C10: uniform | D10: Chi-square | E10: 0.96666667 | F10: 0.98333333 | G10: 0.76666667 | H10: 0.82222222 | I10: 0.76666667 | J10: 0.79444444 | K10: 0.98333333 | L10: 0.83703704 | M10: 0.80529101 | N10: =AVERAGE(E10,G10) -> 0.86666667 | O10: =AVERAGE(E10,G10,I10) -> 0.83333333 | P10: =AVERAGE(K10,L10,M10) -> 0.87522046
D11: Hellinger | E11: 1 | F11: 1 | G11: 0.76666667 | H11: 0.83888889 | I11: 0.76666667 | J11: 0.8 | K11: 1 | L11: 0.8468254 | M11: 0.81208596 | N11: =AVERAGE(E11,G11) -> 0.88333333 | O11: =AVERAGE(E11,G11,I11) -> 0.84444444 | P11: =AVERAGE(K11,L11,M11) -> 0.88630379
C12: range-adapted | D12: Chi-square | E12: 1 | F12: 1 | G12: 0.76666667 | H12: 0.82888889 | I12: 0.76666667 | J12: 0.8 | K12: 1 | L12: 0.83259259 | M12: 0.81170697 | N12: =AVERAGE(E12,G12) -> 0.88333333 | O12: =AVERAGE(E12,G12,I12) -> 0.84444444 | P12: =AVERAGE(K12,L12,M12) -> 0.88143319
D13: Hellinger | E13: 1 | F13: 1 | G13: 0.76666667 | H13: 0.83888889 | I13: 0.76666667 | J13: 0.80666667 | K13: 1 | L13: 0.84722222 | M13: 0.81375902 | N13: =AVERAGE(E13,G13) -> 0.88333333 | O13: =AVERAGE(E13,G13,I13) -> 0.84444444 | P13: =AVERAGE(K13,L13,M13) -> 0.88699375
C14: quantile | D14: Chi-square | E14: 1 | F14: 1 | G14: 0.76666667 | H14: 0.83333333 | I14: 0.66666667 | J14: 0.74166667 | K14: 1 | L14: 0.84305556 | M14: 0.75529894 | N14: =AVERAGE(E14,G14) -> 0.88333333 | O14: =AVERAGE(E14,G14,I14) -> 0.81111111 | P14: =AVERAGE(K14,L14,M14) -> 0.86611816
D15: Hellinger | E15: 1 | F15: 1 | G15: 0.8 | H15: 0.86666667 | I15: 0.73333333 | J15: 0.775 | K15: 1 | L15: 0.87083333 | M15: 0.78873043 | N15: =AVERAGE(E15,G15) -> 0.9 | O15: =AVERAGE(E15,G15,I15) -> 0.84444444 | P15: =AVERAGE(K15,L15,M15) -> 0.88652125
A16: HSV | B16: 8 (8×8×8) | C16: uniform | D16: Chi-square | E16: 0.96666667 | F16: 0.975 | G16: 0.8 | H16: 0.86111111 | I16: 0.6 | J16: 0.70777778 | K16: 0.975 | L16: 0.86349206 | M16: 0.71189103 | N16: =AVERAGE(E16,G16) -> 0.88333333 | O16: =AVERAGE(E16,G16,I16) -> 0.78888889 | P16: =AVERAGE(K16,L16,M16) -> 0.8501277
D17: Hellinger | E17: 0.96666667 | F17: 0.975 | G17: 0.76666667 | H17: 0.84111111 | I17: 0.6 | J17: 0.70888889 | K17: 0.975 | L17: 0.84319444 | M17: 0.71335317 | N17: =AVERAGE(E17,G17) -> 0.86666667 | O17: =AVERAGE(E17,G17,I17) -> 0.77777778 | P17: =AVERAGE(K17,L17,M17) -> 0.84384921
C18: range-adapted | D18: Chi-square | E18: 0.96666667 | F18: 0.975 | G18: 0.8 | H18: 0.85833333 | I18: 0.63333333 | J18: 0.72444444 | K18: 0.975 | L18: 0.86018519 | M18: 0.72794369 | N18: =AVERAGE(E18,G18) -> 0.88333333 | O18: =AVERAGE(E18,G18,I18) -> 0.8 | P18: =AVERAGE(K18,L18,M18) -> 0.85437629
D19: Hellinger | E19: 0.93333333 | F19: 0.95833333 | G19: 0.76666667 | H19: 0.84555556 | I19: 0.6 | J19: 0.69722222 | K19: 0.95833333 | L19: 0.84740741 | M19: 0.71104975 | N19: =AVERAGE(E19,G19) -> 0.85 | O19: =AVERAGE(E19,G19,I19) -> 0.76666667 | P19: =AVERAGE(K19,L19,M19) -> 0.83893017
C20: quantile | D20: Chi-square | E20: 0.96666667 | F20: 0.96666667 | G20: 0.8 | H20: 0.85277778 | I20: 0.66666667 | J20: 0.75388889 | K20: 0.97142857 | L20: 0.86064815 | M20: 0.75962963 | N20: =AVERAGE(E20,G20) -> 0.88333333 | O20: =AVERAGE(E20,G20,I20) -> 0.81111111 | P20: =AVERAGE(K20,L20,M20) -> 0.86390212
D21: Hellinger | E21: 0.96666667 | F21: 0.96666667 | G21: 0.8 | H21: 0.86111111 | I21: 0.63333333 | J21: 0.74111111 | K21: 0.97083333 | L21: 0.86703704 | M21: 0.74620825 | N21: =AVERAGE(E21,G21) -> 0.88333333 | O21: =AVERAGE(E21,G21,I21) -> 0.8 | P21: =AVERAGE(K21,L21,M21) -> 0.86135954
B22: 16×8×8 | C22: uniform | D22: Chi-square | E22: 0.96666667 | F22: 0.975 | G22: 0.8 | H22: 0.85944444 | I22: 0.6 | J22: 0.71388889 | K22: 0.975 | L22: 0.86140523 | M22: 0.71735043 | N22: =AVERAGE(E22,G22) -> 0.88333333 | O22: =AVERAGE(E22,G22,I22) -> 0.78888889 | P22: =AVERAGE(K22,L22,M22) -> 0.85125189
D23: Hellinger | E23: 0.96666667 | F23: 0.97777778 | G23: 0.8 | H23: 0.85833333 | I23: 0.63333333 | J23: 0.73 | K23: 0.97777778 | L23: 0.86018519 | M23: 0.73373094 | N23: =AVERAGE(E23,G23) -> 0.88333333 | O23: =AVERAGE(E23,G23,I23) -> 0.8 | P23: =AVERAGE(K23,L23,M23) -> 0.8572313
C24: range-adapted | D24: Chi-square | E24: 0.96666667 | F24: 0.975 | G24: 0.8 | H24: 0.86222222 | I24: 0.63333333 | J24: 0.73055556 | K24: 0.975 | L24: 0.86407407 | M24: 0.7335928 | N24: =AVERAGE(E24,G24) -> 0.88333333 | O24: =AVERAGE(E24,G24,I24) -> 0.8 | P24: =AVERAGE(K24,L24,M24) -> 0.85755562
D25: Hellinger | E25: 0.93333333 | F25: 0.95833333 | G25: 0.8 | H25: 0.85277778 | I25: 0.63333333 | J25: 0.73722222 | K25: 0.95833333 | L25: 0.85814815 | M25: 0.74042288 | N25: =AVERAGE(E25,G25) -> 0.86666667 | O25: =AVERAGE(E25,G25,I25) -> 0.78888889 | P25: =AVERAGE(K25,L25,M25) -> 0.85230145
C26: quantile | D26: Chi-square | E26: 0.93333333 | F26: 0.95 | G26: 0.8 | H26: 0.85277778 | I26: 0.63333333 | J26: 0.74277778 | K26: 0.9547619 | L26: 0.85868911 | M26: 0.74553612 | N26: =AVERAGE(E26,G26) -> 0.86666667 | O26: =AVERAGE(E26,G26,I26) -> 0.78888889 | P26: =AVERAGE(K26,L26,M26) -> 0.85299571
D27: Hellinger | E27: 0.93333333 | F27: 0.95 | G27: 0.83333333 | H27: 0.87777778 | I27: 0.66666667 | J27: 0.765 | K27: 0.9530303 | L27: 0.88212121 | M27: 0.76798725 | N27: =AVERAGE(E27,G27) -> 0.88333333 | O27: =AVERAGE(E27,G27,I27) -> 0.81111111 | P27: =AVERAGE(K27,L27,M27) -> 0.86771292
A28: Lab | B28: 8 (8×8×8) | C28: uniform | D28: Chi-square | E28: 0.83333333 | F28: 0.89833333 | G28: 0.6 | H28: 0.70611111 | I28: 0.5 | J28: 0.62 | K28: 0.89833333 | L28: 0.71259259 | M28: 0.63327031 | N28: =AVERAGE(E28,G28) -> 0.71666667 | O28: =AVERAGE(E28,G28,I28) -> 0.64444444 | P28: =AVERAGE(K28,L28,M28) -> 0.74806541
D29: Hellinger | E29: 0.83333333 | F29: 0.91111111 | G29: 0.63333333 | H29: 0.73 | I29: 0.56666667 | J29: 0.63055556 | K29: 0.91111111 | L29: 0.74203704 | M29: 0.65884165 | N29: =AVERAGE(E29,G29) -> 0.73333333 | O29: =AVERAGE(E29,G29,I29) -> 0.67777778 | P29: =AVERAGE(K29,L29,M29) -> 0.77066327
C30: range-adapted | D30: Chi-square | E30: 0.93333333 | F30: 0.96111111 | G30: 0.8 | H30: 0.84944444 | I30: 0.76666667 | J30: 0.80555556 | K30: 0.96111111 | L30: 0.855 | M30: 0.81964141 | N30: =AVERAGE(E30,G30) -> 0.86666667 | O30: =AVERAGE(E30,G30,I30) -> 0.83333333 | P30: =AVERAGE(K30,L30,M30) -> 0.87858418
D31: Hellinger | E31: 0.96666667 | F31: 0.97777778 | G31: 0.8 | H31: 0.83611111 | I31: 0.76666667 | J31: 0.79722222 | K31: 0.97777778 | L31: 0.85277778 | M31: 0.81019962 | N31: =AVERAGE(E31,G31) -> 0.88333333 | O31: =AVERAGE(E31,G31,I31) -> 0.84444444 | P31: =AVERAGE(K31,L31,M31) -> 0.88025172
C32: quantile | D32: Chi-square | E32: 0.96666667 | F32: 0.96666667 | G32: 0.8 | H32: 0.85777778 | I32: 0.6 | J32: 0.715 | K32: 0.97142857 | L32: 0.85901235 | M32: 0.72536172 | N32: =AVERAGE(E32,G32) -> 0.88333333 | O32: =AVERAGE(E32,G32,I32) -> 0.78888889 | P32: =AVERAGE(K32,L32,M32) -> 0.85193421
D33: Hellinger | E33: 0.93333333 | F33: 0.95 | G33: 0.8 | H33: 0.86777778 | I33: 0.63333333 | J33: 0.72611111 | K33: 0.95555556 | L33: 0.86905983 | M33: 0.73578373 | N33: =AVERAGE(E33,G33) -> 0.86666667 | O33: =AVERAGE(E33,G33,I33) -> 0.78888889 | P33: =AVERAGE(K33,L33,M33) -> 0.85346637
B34: 8×16×16 | C34: uniform | D34: Chi-square | E34: 0.9 | F34: 0.93611111 | G34: 0.7 | H34: 0.79277778 | I34: 0.7 | J34: 0.76777778 | K34: 0.93611111 | L34: 0.79462963 | M34: 0.77861258 | N34: =AVERAGE(E34,G34) -> 0.8 | O34: =AVERAGE(E34,G34,I34) -> 0.76666667 | P34: =AVERAGE(K34,L34,M34) -> 0.83645111
D35: Hellinger | E35: 0.9 | F35: 0.94444444 | G35: 0.7 | H35: 0.79722222 | I35: 0.66666667 | J35: 0.74555556 | K35: 0.94444444 | L35: 0.80429293 | M35: 0.75791667 | N35: =AVERAGE(E35,G35) -> 0.8 | O35: =AVERAGE(E35,G35,I35) -> 0.75555556 | P35: =AVERAGE(K35,L35,M35) -> 0.83555135
C36: range-adapted | D36: Chi-square | E36: 0.93333333 | F36: 0.96666667 | G36: 0.8 | H36: 0.86777778 | I36: 0.66666667 | J36: 0.75111111 | K36: 0.96666667 | L36: 0.86777778 | M36: 0.76366995 | N36: =AVERAGE(E36,G36) -> 0.86666667 | O36: =AVERAGE(E36,G36,I36) -> 0.8 | P36: =AVERAGE(K36,L36,M36) -> 0.86603813
D37: Hellinger | E37: 0.93333333 | F37: 0.95277778 | G37: 0.83333333 | H37: 0.87777778 | I37: 0.73333333 | J37: 0.80277778 | K37: 0.95277778 | L37: 0.88194444 | M37: 0.80972718 | N37: =AVERAGE(E37,G37) -> 0.88333333 | O37: =AVERAGE(E37,G37,I37) -> 0.83333333 | P37: =AVERAGE(K37,L37,M37) -> 0.88148313
C38: quantile | D38: Chi-square | E38: 0.96666667 | F38: 0.96666667 | G38: 0.66666667 | H38: 0.79166667 | I38: 0.56666667 | J38: 0.68444444 | K38: 0.96944444 | L38: 0.7986715 | M38: 0.7006567 | N38: =AVERAGE(E38,G38) -> 0.81666667 | O38: =AVERAGE(E38,G38,I38) -> 0.73333333 | P38: =AVERAGE(K38,L38,M38) -> 0.82292421
D39: Hellinger | E39: 0.96666667 | F39: 0.96666667 | G39: 0.7 | H39: 0.81666667 | I39: 0.6 | J39: 0.69833333 | K39: 0.97 | L39: 0.82388889 | M39: 0.71469697 | N39: =AVERAGE(E39,G39) -> 0.83333333 | O39: =AVERAGE(E39,G39,I39) -> 0.75555556 | P39: =AVERAGE(K39,L39,M39) -> 0.83619529
A40: YCrCb | B40: 8 (8×8×8) | C40: uniform | D40: Chi-square | E40: 0.86666667 | F40: 0.92333333 | G40: 0.8 | H40: 0.82777778 | I40: 0.56666667 | J40: 0.65111111 | K40: 0.92333333 | L40: 0.84191919 | M40: 0.66918293 | N40: =AVERAGE(E40,G40) -> 0.83333333 | O40: =AVERAGE(E40,G40,I40) -> 0.74444444 | P40: =AVERAGE(K40,L40,M40) -> 0.81147849
D41: Hellinger | E41: 0.9 | F41: 0.94166667 | G41: 0.8 | H41: 0.83333333 | I41: 0.63333333 | J41: 0.67222222 | K41: 0.94166667 | L41: 0.84438889 | M41: 0.70060125 | N41: =AVERAGE(E41,G41) -> 0.85 | O41: =AVERAGE(E41,G41,I41) -> 0.77777778 | P41: =AVERAGE(K41,L41,M41) -> 0.8288856
C42: range-adapted | D42: Chi-square | E42: 0.93333333 | F42: 0.95666667 | G42: 0.83333333 | H42: 0.865 | I42: 0.76666667 | J42: 0.77333333 | K42: 0.95666667 | L42: 0.87333333 | M42: 0.79236335 | N42: =AVERAGE(E42,G42) -> 0.88333333 | O42: =AVERAGE(E42,G42,I42) -> 0.84444444 | P42: =AVERAGE(K42,L42,M42) -> 0.87412112
D43: Hellinger | E43: 0.93333333 | F43: 0.95666667 | G43: 0.83333333 | H43: 0.85666667 | I43: 0.76666667 | J43: 0.775 | K43: 0.95666667 | L43: 0.86638889 | M43: 0.79575458 | N43: =AVERAGE(E43,G43) -> 0.88333333 | O43: =AVERAGE(E43,G43,I43) -> 0.84444444 | P43: =AVERAGE(K43,L43,M43) -> 0.87293671
C44: quantile | D44: Chi-square | E44: 0.93333333 | F44: 0.95 | G44: 0.8 | H44: 0.86777778 | I44: 0.63333333 | J44: 0.73611111 | K44: 0.9537037 | L44: 0.86929293 | M44: 0.74572084 | N44: =AVERAGE(E44,G44) -> 0.86666667 | O44: =AVERAGE(E44,G44,I44) -> 0.78888889 | P44: =AVERAGE(K44,L44,M44) -> 0.85623916
D45: Hellinger | E45: 0.93333333 | F45: 0.95 | G45: 0.83333333 | H45: 0.88444444 | I45: 0.6 | J45: 0.71388889 | K45: 0.95277778 | L45: 0.88551971 | M45: 0.72381788 | N45: =AVERAGE(E45,G45) -> 0.88333333 | O45: =AVERAGE(E45,G45,I45) -> 0.78888889 | P45: =AVERAGE(K45,L45,M45) -> 0.85403846
B46: 8×16×16 | C46: uniform | D46: Chi-square | E46: 0.96666667 | F46: 0.98333333 | G46: 0.83333333 | H46: 0.86777778 | I46: 0.56666667 | J46: 0.65277778 | K46: 0.98333333 | L46: 0.87809524 | M46: 0.67278651 | N46: =AVERAGE(E46,G46) -> 0.9 | O46: =AVERAGE(E46,G46,I46) -> 0.78888889 | P46: =AVERAGE(K46,L46,M46) -> 0.84473836
D47: Hellinger | E47: 0.96666667 | F47: 0.98333333 | G47: 0.86666667 | H47: 0.88611111 | I47: 0.6 | J47: 0.68611111 | K47: 0.98333333 | L47: 0.89503968 | M47: 0.70191595 | N47: =AVERAGE(E47,G47) -> 0.91666667 | O47: =AVERAGE(E47,G47,I47) -> 0.81111111 | P47: =AVERAGE(K47,L47,M47) -> 0.86009632
C48: range-adapted | D48: Chi-square | E48: 0.96666667 | F48: 0.98333333 | G48: 0.8 | H48: 0.87777778 | I48: 0.73333333 | J48: 0.775 | K48: 0.98333333 | L48: 0.87777778 | M48: 0.7900921 | N48: =AVERAGE(E48,G48) -> 0.88333333 | O48: =AVERAGE(E48,G48,I48) -> 0.83333333 | P48: =AVERAGE(K48,L48,M48) -> 0.8837344
D49: Hellinger | E49: 1 | F49: 1 | G49: 0.86666667 | H49: 0.90555556 | I49: 0.73333333 | J49: 0.79 | K49: 1 | L49: 0.91111111 | M49: 0.79615873 | N49: =AVERAGE(E49,G49) -> 0.93333333 | O49: =AVERAGE(E49,G49,I49) -> 0.86666667 | P49: =AVERAGE(K49,L49,M49) -> 0.90242328
C50: quantile | D50: Chi-square | E50: 1 | F50: 1 | G50: 0.8 | H50: 0.85666667 | I50: 0.6 | J50: 0.68722222 | K50: 1 | L50: 0.86111111 | M50: 0.69926471 | N50: =AVERAGE(E50,G50) -> 0.9 | O50: =AVERAGE(E50,G50,I50) -> 0.8 | P50: =AVERAGE(K50,L50,M50) -> 0.85345861
D51: Hellinger | E51: 0.96666667 | F51: 0.98333333 | G51: 0.83333333 | H51: 0.86111111 | I51: 0.6 | J51: 0.70833333 | K51: 0.98333333 | L51: 0.86828283 | M51: 0.71452925 | N51: =AVERAGE(E51,G51) -> 0.9 | O51: =AVERAGE(E51,G51,I51) -> 0.8 | P51: =AVERAGE(K51,L51,M51) -> 0.8553818

Sheet 3. Block based
A1: Block based histograms (3D): number of blocks × bins
A2: Notebook §3.4. Non-overlapping n×n blocks, one normalised 3D histogram per block, concatenated. No inner margin (the margin is studied in sheet 6).
A3: Color space | B3: Bin placement | C3: Bins per channel | D3: Grid | E3: Number of blocks | F3: Descriptor dim. | G3: Similarity | H3: map@1 QSD1 | I3: map@5 QSD1 | J3: map@1 QSD2 (GT crop) | K3: map@5 QSD2 (GT crop) | L3: map@1 + BG_Removal (T5) | M3: map@5 + BG_Removal (T5) | N3: MRR QSD1 | O3: MRR QSD2 (GT crop) | P3: MRR + BG_Removal (T5) | Q3: Mean map@1 (QSD1 + QSD2-GT) | R3: Mean map@1 (3 sets) | S3: Mean MRR (3 sets)
A4: HSV | B4: uniform | C4: 4 (4×4×4) | D4: 1×1 | E4: 1 | F4: 64 | G4: Chi-square | H4: 0.9 | I4: 0.94 | J4: 0.56666667 | K4: 0.70833333 | L4: 0.53333333 | M4: 0.61666667 | N4: 0.94 | O4: 0.71920635 | P4: 0.63240207 | Q4: =AVERAGE(H4,J4) -> 0.73333333 | R4: =AVERAGE(H4,J4,L4) -> 0.66666667 | S4: =AVERAGE(N4,O4,P4) -> 0.76386947
G5: Hellinger | H5: 0.9 | I5: 0.925 | J5: 0.63333333 | K5: 0.73333333 | L5: 0.5 | M5: 0.59833333 | N5: 0.92916667 | O5: 0.74219577 | P5: 0.6163723 | Q5: =AVERAGE(H5,J5) -> 0.76666667 | R5: =AVERAGE(H5,J5,L5) -> 0.67777778 | S5: =AVERAGE(N5,O5,P5) -> 0.76257825
D6: 2×2 | E6: 4 | F6: 256 | G6: Chi-square | H6: 0.93333333 | I6: 0.96111111 | J6: 0.93333333 | K6: 0.95666667 | L6: 0.66666667 | M6: 0.73888889 | N6: 0.96111111 | O6: 0.95666667 | P6: 0.7587149 | Q6: =AVERAGE(H6,J6) -> 0.93333333 | R6: =AVERAGE(H6,J6,L6) -> 0.84444444 | S6: =AVERAGE(N6,O6,P6) -> 0.89216422
G7: Hellinger | H7: 0.93333333 | I7: 0.96666667 | J7: 0.9 | K7: 0.94166667 | L7: 0.7 | M7: 0.77055556 | N7: 0.96666667 | O7: 0.94166667 | P7: 0.7818254 | Q7: =AVERAGE(H7,J7) -> 0.91666667 | R7: =AVERAGE(H7,J7,L7) -> 0.84444444 | S7: =AVERAGE(N7,O7,P7) -> 0.89671958
D8: 3×3 | E8: 9 | F8: 576 | G8: Chi-square | H8: 0.96666667 | I8: 0.975 | J8: 0.96666667 | K8: 0.975 | L8: 0.73333333 | M8: 0.79833333 | N8: 0.975 | O8: 0.975 | P8: 0.81025253 | Q8: =AVERAGE(H8,J8) -> 0.96666667 | R8: =AVERAGE(H8,J8,L8) -> 0.88888889 | S8: =AVERAGE(N8,O8,P8) -> 0.92008418
G9: Hellinger | H9: 0.96666667 | I9: 0.975 | J9: 0.96666667 | K9: 0.975 | L9: 0.73333333 | M9: 0.79833333 | N9: 0.975 | O9: 0.975 | P9: 0.81138889 | Q9: =AVERAGE(H9,J9) -> 0.96666667 | R9: =AVERAGE(H9,J9,L9) -> 0.88888889 | S9: =AVERAGE(N9,O9,P9) -> 0.92046296
D10: 4×4 | E10: 16 | F10: 1024 | G10: Chi-square | H10: 0.96666667 | I10: 0.97777778 | J10: 0.96666667 | K10: 0.98333333 | L10: 0.76666667 | M10: 0.83444444 | N10: 0.97777778 | O10: 0.98333333 | P10: 0.84277778 | Q10: =AVERAGE(H10,J10) -> 0.96666667 | R10: =AVERAGE(H10,J10,L10) -> 0.9 | S10: =AVERAGE(N10,O10,P10) -> 0.93462963
G11: Hellinger | H11: 0.96666667 | I11: 0.97777778 | J11: 0.96666667 | K11: 0.98333333 | L11: 0.8 | M11: 0.85777778 | N11: 0.97777778 | O11: 0.98333333 | P11: 0.86111111 | Q11: =AVERAGE(H11,J11) -> 0.96666667 | R11: =AVERAGE(H11,J11,L11) -> 0.91111111 | S11: =AVERAGE(N11,O11,P11) -> 0.94074074
D12: 5×5 | E12: 25 | F12: 1600 | G12: Chi-square | H12: 0.96666667 | I12: 0.975 | J12: 1 | K12: 1 | L12: 0.86666667 | M12: 0.88444444 | N12: 0.975 | O12: 1 | P12: 0.89396825 | Q12: =AVERAGE(H12,J12) -> 0.98333333 | R12: =AVERAGE(H12,J12,L12) -> 0.94444444 | S12: =AVERAGE(N12,O12,P12) -> 0.95632275
G13: Hellinger | H13: 0.96666667 | I13: 0.97333333 | J13: 1 | K13: 1 | L13: 0.83333333 | M13: 0.87888889 | N13: 0.97333333 | O13: 1 | P13: 0.88259259 | Q13: =AVERAGE(H13,J13) -> 0.98333333 | R13: =AVERAGE(H13,J13,L13) -> 0.93333333 | S13: =AVERAGE(N13,O13,P13) -> 0.95197531
D14: 6×6 | E14: 36 | F14: 2304 | G14: Chi-square | H14: 0.96666667 | I14: 0.96666667 | J14: 1 | K14: 1 | L14: 0.9 | M14: 0.90833333 | N14: 0.97222222 | O14: 1 | P14: 0.9172619 | Q14: =AVERAGE(H14,J14) -> 0.98333333 | R14: =AVERAGE(H14,J14,L14) -> 0.95555556 | S14: =AVERAGE(N14,O14,P14) -> 0.96316138
G15: Hellinger | H15: 0.96666667 | I15: 0.96666667 | J15: 1 | K15: 1 | L15: 0.9 | M15: 0.91333333 | N15: 0.97222222 | O15: 1 | P15: 0.9175 | Q15: =AVERAGE(H15,J15) -> 0.98333333 | R15: =AVERAGE(H15,J15,L15) -> 0.95555556 | S15: =AVERAGE(N15,O15,P15) -> 0.96324074
D16: 8×8 | E16: 64 | F16: 4096 | G16: Chi-square | H16: 0.96666667 | I16: 0.96666667 | J16: 1 | K16: 1 | L16: 0.9 | M16: 0.91666667 | N16: 0.97083333 | O16: 1 | P16: 0.92222222 | Q16: =AVERAGE(H16,J16) -> 0.98333333 | R16: =AVERAGE(H16,J16,L16) -> 0.95555556 | S16: =AVERAGE(N16,O16,P16) -> 0.96435185
G17: Hellinger | H17: 0.96666667 | I17: 0.96666667 | J17: 1 | K17: 1 | L17: 0.9 | M17: 0.91944444 | N17: 0.97083333 | O17: 1 | P17: 0.92361111 | Q17: =AVERAGE(H17,J17) -> 0.98333333 | R17: =AVERAGE(H17,J17,L17) -> 0.95555556 | S17: =AVERAGE(N17,O17,P17) -> 0.96481481
C18: 8×6×6 | D18: 1×1 | E18: 1 | F18: 288 | G18: Chi-square | H18: 1 | I18: 1 | J18: 0.73333333 | K18: 0.82055556 | L18: 0.63333333 | M18: 0.71944444 | N18: 1 | O18: 0.82263889 | P18: 0.73233746 | Q18: =AVERAGE(H18,J18) -> 0.86666667 | R18: =AVERAGE(H18,J18,L18) -> 0.78888889 | S18: =AVERAGE(N18,O18,P18) -> 0.85165878
G19: Hellinger | H19: 0.96666667 | I19: 0.98333333 | J19: 0.76666667 | K19: 0.84 | L19: 0.63333333 | M19: 0.71666667 | N19: 0.98333333 | O19: 0.84185185 | P19: 0.73637978 | Q19: =AVERAGE(H19,J19) -> 0.86666667 | R19: =AVERAGE(H19,J19,L19) -> 0.78888889 | S19: =AVERAGE(N19,O19,P19) -> 0.85385499
D20: 2×2 | E20: 4 | F20: 1152 | G20: Chi-square | H20: 0.96666667 | I20: 0.975 | J20: 0.9 | K20: 0.94444444 | L20: 0.76666667 | M20: 0.83611111 | N20: 0.975 | O20: 0.94444444 | P20: 0.84212963 | Q20: =AVERAGE(H20,J20) -> 0.93333333 | R20: =AVERAGE(H20,J20,L20) -> 0.87777778 | S20: =AVERAGE(N20,O20,P20) -> 0.92052469
G21: Hellinger | H21: 0.96666667 | I21: 0.975 | J21: 0.9 | K21: 0.94166667 | L21: 0.8 | M21: 0.85 | N21: 0.975 | O21: 0.94166667 | P21: 0.85488215 | Q21: =AVERAGE(H21,J21) -> 0.93333333 | R21: =AVERAGE(H21,J21,L21) -> 0.88888889 | S21: =AVERAGE(N21,O21,P21) -> 0.92384961
D22: 3×3 | E22: 9 | F22: 2592 | G22: Chi-square | H22: 0.96666667 | I22: 0.975 | J22: 0.96666667 | K22: 0.96666667 | L22: 0.8 | M22: 0.85 | N22: 0.975 | O22: 0.96969697 | P22: 0.86001984 | Q22: =AVERAGE(H22,J22) -> 0.96666667 | R22: =AVERAGE(H22,J22,L22) -> 0.91111111 | S22: =AVERAGE(N22,O22,P22) -> 0.9349056
G23: Hellinger | H23: 0.96666667 | I23: 0.97333333 | J23: 0.96666667 | K23: 0.96666667 | L23: 0.83333333 | M23: 0.86666667 | N23: 0.97333333 | O23: 0.97037037 | P23: 0.87596478 | Q23: =AVERAGE(H23,J23) -> 0.96666667 | R23: =AVERAGE(H23,J23,L23) -> 0.92222222 | S23: =AVERAGE(N23,O23,P23) -> 0.93988949
D24: 4×4 | E24: 16 | F24: 4608 | G24: Chi-square | H24: 0.96666667 | I24: 0.975 | J24: 0.96666667 | K24: 0.98333333 | L24: 0.83333333 | M24: 0.88333333 | N24: 0.975 | O24: 0.98333333 | P24: 0.88809524 | Q24: =AVERAGE(H24,J24) -> 0.96666667 | R24: =AVERAGE(H24,J24,L24) -> 0.92222222 | S24: =AVERAGE(N24,O24,P24) -> 0.94880952
G25: Hellinger | H25: 0.96666667 | I25: 0.96666667 | J25: 0.96666667 | K25: 0.97777778 | L25: 0.83333333 | M25: 0.88166667 | N25: 0.97222222 | O25: 0.97777778 | P25: 0.88642857 | Q25: =AVERAGE(H25,J25) -> 0.96666667 | R25: =AVERAGE(H25,J25,L25) -> 0.92222222 | S25: =AVERAGE(N25,O25,P25) -> 0.94547619
D26: 5×5 | E26: 25 | F26: 7200 | G26: Chi-square | H26: 0.96666667 | I26: 0.96666667 | J26: 1 | K26: 1 | L26: 0.86666667 | M26: 0.90666667 | N26: 0.97222222 | O26: 1 | P26: 0.91222222 | Q26: =AVERAGE(H26,J26) -> 0.98333333 | R26: =AVERAGE(H26,J26,L26) -> 0.94444444 | S26: =AVERAGE(N26,O26,P26) -> 0.96148148
G27: Hellinger | H27: 0.96666667 | I27: 0.96666667 | J27: 0.96666667 | K27: 0.97777778 | L27: 0.93333333 | M27: 0.94166667 | N27: 0.97083333 | O27: 0.97777778 | P27: 0.94642857 | Q27: =AVERAGE(H27,J27) -> 0.96666667 | R27: =AVERAGE(H27,J27,L27) -> 0.95555556 | S27: =AVERAGE(N27,O27,P27) -> 0.96501323
D28: 6×6 | E28: 36 | F28: 10368 | G28: Chi-square | H28: 0.96666667 | I28: 0.96666667 | J28: 1 | K28: 1 | L28: 0.9 | M28: 0.92333333 | N28: 0.97222222 | O28: 1 | P28: 0.92703704 | Q28: =AVERAGE(H28,J28) -> 0.98333333 | R28: =AVERAGE(H28,J28,L28) -> 0.95555556 | S28: =AVERAGE(N28,O28,P28) -> 0.96641975
G29: Hellinger | H29: 0.96666667 | I29: 0.96666667 | J29: 0.96666667 | K29: 0.97777778 | L29: 0.9 | M29: 0.91111111 | N29: 0.97083333 | O29: 0.97777778 | P29: 0.92142857 | Q29: =AVERAGE(H29,J29) -> 0.96666667 | R29: =AVERAGE(H29,J29,L29) -> 0.94444444 | S29: =AVERAGE(N29,O29,P29) -> 0.95667989
D30: 8×8 | E30: 64 | F30: 18432 | G30: Chi-square | H30: 0.96666667 | I30: 0.96666667 | J30: 1 | K30: 1 | L30: 0.93333333 | M30: 0.94 | N30: 0.97083333 | O30: 1 | P30: 0.94555556 | Q30: =AVERAGE(H30,J30) -> 0.98333333 | R30: =AVERAGE(H30,J30,L30) -> 0.96666667 | S30: =AVERAGE(N30,O30,P30) -> 0.97212963
G31: Hellinger | H31: 0.96666667 | I31: 0.96666667 | J31: 1 | K31: 1 | L31: 0.93333333 | M31: 0.94166667 | N31: 0.97 | O31: 1 | P31: 0.94583333 | Q31: =AVERAGE(H31,J31) -> 0.98333333 | R31: =AVERAGE(H31,J31,L31) -> 0.96666667 | S31: =AVERAGE(N31,O31,P31) -> 0.97194444
C32: 12×8×8 | D32: 1×1 | E32: 1 | F32: 768 | G32: Chi-square | H32: 0.96666667 | I32: 0.97777778 | J32: 0.83333333 | K32: 0.88888889 | L32: 0.66666667 | M32: 0.74722222 | N32: 0.97777778 | O32: 0.89111111 | P32: 0.75632704 | Q32: =AVERAGE(H32,J32) -> 0.9 | R32: =AVERAGE(H32,J32,L32) -> 0.82222222 | S32: =AVERAGE(N32,O32,P32) -> 0.87507197
G33: Hellinger | H33: 1 | I33: 1 | J33: 0.83333333 | K33: 0.88055556 | L33: 0.66666667 | M33: 0.75777778 | N33: 1 | O33: 0.88293651 | P33: 0.76158923 | Q33: =AVERAGE(H33,J33) -> 0.91666667 | R33: =AVERAGE(H33,J33,L33) -> 0.83333333 | S33: =AVERAGE(N33,O33,P33) -> 0.88150858
D34: 2×2 | E34: 4 | F34: 3072 | G34: Chi-square | H34: 0.96666667 | I34: 0.97777778 | J34: 0.96666667 | K34: 0.96666667 | L34: 0.83333333 | M34: 0.87333333 | N34: 0.97777778 | O34: 0.97222222 | P34: 0.87704762 | Q34: =AVERAGE(H34,J34) -> 0.96666667 | R34: =AVERAGE(H34,J34,L34) -> 0.92222222 | S34: =AVERAGE(N34,O34,P34) -> 0.94234921
G35: Hellinger | H35: 0.96666667 | I35: 0.97777778 | J35: 0.96666667 | K35: 0.96666667 | L35: 0.86666667 | M35: 0.89166667 | N35: 0.97777778 | O35: 0.97222222 | P35: 0.89482527 | Q35: =AVERAGE(H35,J35) -> 0.96666667 | R35: =AVERAGE(H35,J35,L35) -> 0.93333333 | S35: =AVERAGE(N35,O35,P35) -> 0.94827509
D36: 3×3 | E36: 9 | F36: 6912 | G36: Chi-square | H36: 0.96666667 | I36: 0.96666667 | J36: 0.96666667 | K36: 0.96666667 | L36: 0.9 | M36: 0.9 | N36: 0.97222222 | O36: 0.97142857 | P36: 0.90867521 | Q36: =AVERAGE(H36,J36) -> 0.96666667 | R36: =AVERAGE(H36,J36,L36) -> 0.94444444 | S36: =AVERAGE(N36,O36,P36) -> 0.95077534
G37: Hellinger | H37: 0.96666667 | I37: 0.96666667 | J37: 0.96666667 | K37: 0.96666667 | L37: 0.9 | M37: 0.9 | N37: 0.97222222 | O37: 0.97222222 | P37: 0.90740741 | Q37: =AVERAGE(H37,J37) -> 0.96666667 | R37: =AVERAGE(H37,J37,L37) -> 0.94444444 | S37: =AVERAGE(N37,O37,P37) -> 0.95061728
D38: 4×4 | E38: 16 | F38: 12288 | G38: Chi-square | H38: 0.96666667 | I38: 0.97333333 | J38: 1 | K38: 1 | L38: 0.9 | M38: 0.9 | N38: 0.97333333 | O38: 1 | P38: 0.91365079 | Q38: =AVERAGE(H38,J38) -> 0.98333333 | R38: =AVERAGE(H38,J38,L38) -> 0.95555556 | S38: =AVERAGE(N38,O38,P38) -> 0.96232804
G39: Hellinger | H39: 0.96666667 | I39: 0.96666667 | J39: 1 | K39: 1 | L39: 0.9 | M39: 0.9 | N39: 0.97222222 | O39: 1 | P39: 0.91334776 | Q39: =AVERAGE(H39,J39) -> 0.98333333 | R39: =AVERAGE(H39,J39,L39) -> 0.95555556 | S39: =AVERAGE(N39,O39,P39) -> 0.96185666
D40: 5×5 | E40: 25 | F40: 19200 | G40: Chi-square | H40: 0.96666667 | I40: 0.96666667 | J40: 1 | K40: 1 | L40: 0.9 | M40: 0.90666667 | N40: 0.96969697 | O40: 1 | P40: 0.91619048 | Q40: =AVERAGE(H40,J40) -> 0.98333333 | R40: =AVERAGE(H40,J40,L40) -> 0.95555556 | S40: =AVERAGE(N40,O40,P40) -> 0.96196248
G41: Hellinger | H41: 0.96666667 | I41: 0.96666667 | J41: 1 | K41: 1 | L41: 0.9 | M41: 0.9 | N41: 0.96969697 | O41: 1 | P41: 0.91228956 | Q41: =AVERAGE(H41,J41) -> 0.98333333 | R41: =AVERAGE(H41,J41,L41) -> 0.95555556 | S41: =AVERAGE(N41,O41,P41) -> 0.96066218
D42: 6×6 | E42: 36 | F42: 27648 | G42: Chi-square | H42: 0.96666667 | I42: 0.96666667 | J42: 1 | K42: 1 | L42: 0.9 | M42: 0.91111111 | N42: 0.96944444 | O42: 1 | P42: 0.91920635 | Q42: =AVERAGE(H42,J42) -> 0.98333333 | R42: =AVERAGE(H42,J42,L42) -> 0.95555556 | S42: =AVERAGE(N42,O42,P42) -> 0.9628836
G43: Hellinger | H43: 0.96666667 | I43: 0.96666667 | J43: 1 | K43: 1 | L43: 0.9 | M43: 0.9 | N43: 0.96923077 | O43: 1 | P43: 0.91166667 | Q43: =AVERAGE(H43,J43) -> 0.98333333 | R43: =AVERAGE(H43,J43,L43) -> 0.95555556 | S43: =AVERAGE(N43,O43,P43) -> 0.96029915
D44: 8×8 | E44: 64 | F44: 49152 | G44: Chi-square | H44: 0.96666667 | I44: 0.96666667 | J44: 1 | K44: 1 | L44: 0.9 | M44: 0.91111111 | N44: 0.96944444 | O44: 1 | P44: 0.92003968 | Q44: =AVERAGE(H44,J44) -> 0.98333333 | R44: =AVERAGE(H44,J44,L44) -> 0.95555556 | S44: =AVERAGE(N44,O44,P44) -> 0.96316138
G45: Hellinger | H45: 0.96666667 | I45: 0.96666667 | J45: 1 | K45: 1 | L45: 0.9 | M45: 0.90666667 | N45: 0.96888889 | O45: 1 | P45: 0.9137037 | Q45: =AVERAGE(H45,J45) -> 0.98333333 | R45: =AVERAGE(H45,J45,L45) -> 0.95555556 | S45: =AVERAGE(N45,O45,P45) -> 0.9608642
A46: Lab | B46: range-adapted | C46: 4×8×8 | D46: 1×1 | E46: 1 | F46: 256 | G46: Chi-square | H46: 0.96666667 | I46: 0.975 | J46: 0.8 | K46: 0.84166667 | L46: 0.73333333 | M46: 0.78333333 | N46: 0.975 | O46: 0.85078704 | P46: 0.79489348 | Q46: =AVERAGE(H46,J46) -> 0.88333333 | R46: =AVERAGE(H46,J46,L46) -> 0.83333333 | S46: =AVERAGE(N46,O46,P46) -> 0.87356017
G47: Hellinger | H47: 0.96666667 | I47: 0.97777778 | J47: 0.8 | K47: 0.83611111 | L47: 0.76666667 | M47: 0.78333333 | N47: 0.97777778 | O47: 0.84677045 | P47: 0.8044086 | Q47: =AVERAGE(H47,J47) -> 0.88333333 | R47: =AVERAGE(H47,J47,L47) -> 0.84444444 | S47: =AVERAGE(N47,O47,P47) -> 0.87631894
D48: 2×2 | E48: 4 | F48: 1024 | G48: Chi-square | H48: 0.96666667 | I48: 0.97777778 | J48: 0.9 | K48: 0.93333333 | L48: 0.9 | M48: 0.91666667 | N48: 0.97777778 | O48: 0.93703704 | P48: 0.91774194 | Q48: =AVERAGE(H48,J48) -> 0.93333333 | R48: =AVERAGE(H48,J48,L48) -> 0.92222222 | S48: =AVERAGE(N48,O48,P48) -> 0.94418558
G49: Hellinger | H49: 0.96666667 | I49: 0.97777778 | J49: 0.96666667 | K49: 0.97333333 | L49: 0.86666667 | M49: 0.90833333 | N49: 0.97777778 | O49: 0.97333333 | P49: 0.90944444 | Q49: =AVERAGE(H49,J49) -> 0.96666667 | R49: =AVERAGE(H49,J49,L49) -> 0.93333333 | S49: =AVERAGE(N49,O49,P49) -> 0.95351852
D50: 3×3 | E50: 9 | F50: 2304 | G50: Chi-square | H50: 0.96666667 | I50: 0.96666667 | J50: 0.96666667 | K50: 0.96666667 | L50: 0.86666667 | M50: 0.90833333 | N50: 0.97037037 | O50: 0.97142857 | P50: 0.90961538 | Q50: =AVERAGE(H50,J50) -> 0.96666667 | R50: =AVERAGE(H50,J50,L50) -> 0.93333333 | S50: =AVERAGE(N50,O50,P50) -> 0.95047144
G51: Hellinger | H51: 0.96666667 | I51: 0.96666667 | J51: 0.96666667 | K51: 0.975 | L51: 0.86666667 | M51: 0.90833333 | N51: 0.97037037 | O51: 0.975 | P51: 0.9095679 | Q51: =AVERAGE(H51,J51) -> 0.96666667 | R51: =AVERAGE(H51,J51,L51) -> 0.93333333 | S51: =AVERAGE(N51,O51,P51) -> 0.95164609
D52: 4×4 | E52: 16 | F52: 4096 | G52: Chi-square | H52: 0.96666667 | I52: 0.96666667 | J52: 0.96666667 | K52: 0.96666667 | L52: 0.9 | M52: 0.92777778 | N52: 0.97142857 | O52: 0.96969697 | P52: 0.92916667 | Q52: =AVERAGE(H52,J52) -> 0.96666667 | R52: =AVERAGE(H52,J52,L52) -> 0.94444444 | S52: =AVERAGE(N52,O52,P52) -> 0.95676407
G53: Hellinger | H53: 0.96666667 | I53: 0.96666667 | J53: 0.96666667 | K53: 0.96666667 | L53: 0.9 | M53: 0.92777778 | N53: 0.97083333 | O53: 0.97083333 | P53: 0.92905983 | Q53: =AVERAGE(H53,J53) -> 0.96666667 | R53: =AVERAGE(H53,J53,L53) -> 0.94444444 | S53: =AVERAGE(N53,O53,P53) -> 0.95690883
D54: 5×5 | E54: 25 | F54: 6400 | G54: Chi-square | H54: 0.96666667 | I54: 0.96666667 | J54: 0.96666667 | K54: 0.96666667 | L54: 0.9 | M54: 0.92777778 | N54: 0.97 | O54: 0.96969697 | P54: 0.92922705 | Q54: =AVERAGE(H54,J54) -> 0.96666667 | R54: =AVERAGE(H54,J54,L54) -> 0.94444444 | S54: =AVERAGE(N54,O54,P54) -> 0.95630801
G55: Hellinger | H55: 0.96666667 | I55: 0.96666667 | J55: 0.96666667 | K55: 0.96666667 | L55: 0.9 | M55: 0.93333333 | N55: 0.97037037 | O55: 0.97222222 | P55: 0.93448276 | Q55: =AVERAGE(H55,J55) -> 0.96666667 | R55: =AVERAGE(H55,J55,L55) -> 0.94444444 | S55: =AVERAGE(N55,O55,P55) -> 0.95902512
D56: 6×6 | E56: 36 | F56: 9216 | G56: Chi-square | H56: 0.96666667 | I56: 0.96666667 | J56: 0.96666667 | K56: 0.96666667 | L56: 0.93333333 | M56: 0.95 | N56: 0.96923077 | O56: 0.97037037 | P56: 0.95144928 | Q56: =AVERAGE(H56,J56) -> 0.96666667 | R56: =AVERAGE(H56,J56,L56) -> 0.95555556 | S56: =AVERAGE(N56,O56,P56) -> 0.96368347
G57: Hellinger | H57: 0.96666667 | I57: 0.96666667 | J57: 0.96666667 | K57: 0.97333333 | L57: 0.93333333 | M57: 0.95 | N57: 0.96969697 | O57: 0.97333333 | P57: 0.95151515 | Q57: =AVERAGE(H57,J57) -> 0.96666667 | R57: =AVERAGE(H57,J57,L57) -> 0.95555556 | S57: =AVERAGE(N57,O57,P57) -> 0.96484848
D58: 8×8 | E58: 64 | F58: 16384 | G58: Chi-square | H58: 0.96666667 | I58: 0.96666667 | J58: 0.96666667 | K58: 0.96666667 | L58: 0.9 | M58: 0.91944444 | N58: 0.97 | O58: 0.97083333 | P58: 0.92083333 | Q58: =AVERAGE(H58,J58) -> 0.96666667 | R58: =AVERAGE(H58,J58,L58) -> 0.94444444 | S58: =AVERAGE(N58,O58,P58) -> 0.95388889
G59: Hellinger | H59: 0.96666667 | I59: 0.96666667 | J59: 0.96666667 | K59: 0.96666667 | L59: 0.9 | M59: 0.92777778 | N59: 0.96969697 | O59: 0.97222222 | P59: 0.92901235 | Q59: =AVERAGE(H59,J59) -> 0.96666667 | R59: =AVERAGE(H59,J59,L59) -> 0.94444444 | S59: =AVERAGE(N59,O59,P59) -> 0.95697718
C60: 8×16×16 | D60: 1×1 | E60: 1 | F60: 2048 | G60: Chi-square | H60: 0.93333333 | I60: 0.96666667 | J60: 0.8 | K60: 0.86777778 | L60: 0.66666667 | M60: 0.75111111 | N60: 0.96666667 | O60: 0.86777778 | P60: 0.76366995 | Q60: =AVERAGE(H60,J60) -> 0.86666667 | R60: =AVERAGE(H60,J60,L60) -> 0.8 | S60: =AVERAGE(N60,O60,P60) -> 0.86603813
G61: Hellinger | H61: 0.93333333 | I61: 0.95277778 | J61: 0.83333333 | K61: 0.87777778 | L61: 0.73333333 | M61: 0.80277778 | N61: 0.95277778 | O61: 0.88194444 | P61: 0.80972718 | Q61: =AVERAGE(H61,J61) -> 0.88333333 | R61: =AVERAGE(H61,J61,L61) -> 0.83333333 | S61: =AVERAGE(N61,O61,P61) -> 0.88148313
D62: 2×2 | E62: 4 | F62: 8192 | G62: Chi-square | H62: 0.96666667 | I62: 0.96666667 | J62: 0.9 | K62: 0.94444444 | L62: 0.76666667 | M62: 0.82888889 | N62: 0.97222222 | O62: 0.94444444 | P62: 0.83278499 | Q62: =AVERAGE(H62,J62) -> 0.93333333 | R62: =AVERAGE(H62,J62,L62) -> 0.87777778 | S62: =AVERAGE(N62,O62,P62) -> 0.91648389
G63: Hellinger | H63: 0.96666667 | I63: 0.96666667 | J63: 0.86666667 | K63: 0.92777778 | L63: 0.76666667 | M63: 0.83611111 | N63: 0.97142857 | O63: 0.92777778 | P63: 0.83964372 | Q63: =AVERAGE(H63,J63) -> 0.91666667 | R63: =AVERAGE(H63,J63,L63) -> 0.86666667 | S63: =AVERAGE(N63,O63,P63) -> 0.91295002
D64: 3×3 | E64: 9 | F64: 18432 | G64: Chi-square | H64: 0.96666667 | I64: 0.96666667 | J64: 0.9 | K64: 0.95 | L64: 0.8 | M64: 0.84444444 | N64: 0.97037037 | O64: 0.95 | P64: 0.85429293 | Q64: =AVERAGE(H64,J64) -> 0.93333333 | R64: =AVERAGE(H64,J64,L64) -> 0.88888889 | S64: =AVERAGE(N64,O64,P64) -> 0.92488777
G65: Hellinger | H65: 0.96666667 | I65: 0.96666667 | J65: 0.9 | K65: 0.95 | L65: 0.83333333 | M65: 0.875 | N65: 0.97 | O65: 0.95 | P65: 0.87904762 | Q65: =AVERAGE(H65,J65) -> 0.93333333 | R65: =AVERAGE(H65,J65,L65) -> 0.9 | S65: =AVERAGE(N65,O65,P65) -> 0.93301587
D66: 4×4 | E66: 16 | F66: 32768 | G66: Chi-square | H66: 0.96666667 | I66: 0.96666667 | J66: 0.96666667 | K66: 0.98333333 | L66: 0.86666667 | M66: 0.89166667 | N66: 0.97222222 | O66: 0.98333333 | P66: 0.89886364 | Q66: =AVERAGE(H66,J66) -> 0.96666667 | R66: =AVERAGE(H66,J66,L66) -> 0.93333333 | S66: =AVERAGE(N66,O66,P66) -> 0.95147306
G67: Hellinger | H67: 0.96666667 | I67: 0.96666667 | J67: 0.93333333 | K67: 0.96666667 | L67: 0.86666667 | M67: 0.9 | N67: 0.97 | O67: 0.96666667 | P67: 0.90673401 | Q67: =AVERAGE(H67,J67) -> 0.95 | R67: =AVERAGE(H67,J67,L67) -> 0.92222222 | S67: =AVERAGE(N67,O67,P67) -> 0.94780022
D68: 5×5 | E68: 25 | F68: 51200 | G68: Chi-square | H68: 0.96666667 | I68: 0.96666667 | J68: 0.96666667 | K68: 0.98333333 | L68: 0.86666667 | M68: 0.89166667 | N68: 0.97083333 | O68: 0.98333333 | P68: 0.8987037 | Q68: =AVERAGE(H68,J68) -> 0.96666667 | R68: =AVERAGE(H68,J68,L68) -> 0.93333333 | S68: =AVERAGE(N68,O68,P68) -> 0.95095679
G69: Hellinger | H69: 0.96666667 | I69: 0.96666667 | J69: 0.96666667 | K69: 0.98333333 | L69: 0.83333333 | M69: 0.88333333 | N69: 0.97 | O69: 0.98333333 | P69: 0.8905303 | Q69: =AVERAGE(H69,J69) -> 0.96666667 | R69: =AVERAGE(H69,J69,L69) -> 0.92222222 | S69: =AVERAGE(N69,O69,P69) -> 0.94795455
D70: 6×6 | E70: 36 | F70: 73728 | G70: Chi-square | H70: 0.96666667 | I70: 0.96666667 | J70: 0.93333333 | K70: 0.96666667 | L70: 0.9 | M70: 0.9 | N70: 0.97037037 | O70: 0.96666667 | P70: 0.91179894 | Q70: =AVERAGE(H70,J70) -> 0.95 | R70: =AVERAGE(H70,J70,L70) -> 0.93333333 | S70: =AVERAGE(N70,O70,P70) -> 0.94961199
G71: Hellinger | H71: 0.96666667 | I71: 0.96666667 | J71: 0.96666667 | K71: 0.98333333 | L71: 0.9 | M71: 0.90666667 | N71: 0.97 | O71: 0.98333333 | P71: 0.9130303 | Q71: =AVERAGE(H71,J71) -> 0.96666667 | R71: =AVERAGE(H71,J71,L71) -> 0.94444444 | S71: =AVERAGE(N71,O71,P71) -> 0.95545455
D72: 8×8 | E72: 64 | F72: 131072 | G72: Chi-square | H72: 0.96666667 | I72: 0.96666667 | J72: 0.96666667 | K72: 0.98333333 | L72: 0.9 | M72: 0.91111111 | N72: 0.97037037 | O72: 0.98333333 | P72: 0.91957672 | Q72: =AVERAGE(H72,J72) -> 0.96666667 | R72: =AVERAGE(H72,J72,L72) -> 0.94444444 | S72: =AVERAGE(N72,O72,P72) -> 0.95776014
G73: Hellinger | H73: 0.96666667 | I73: 0.96666667 | J73: 1 | K73: 1 | L73: 0.9 | M73: 0.90833333 | N73: 0.96969697 | O73: 1 | P73: 0.91612554 | Q73: =AVERAGE(H73,J73) -> 0.98333333 | R73: =AVERAGE(H73,J73,L73) -> 0.95555556 | S73: =AVERAGE(N73,O73,P73) -> 0.96194084
A74: YCrCb | B74: range-adapted | C74: 4×8×8 | D74: 1×1 | E74: 1 | F74: 256 | G74: Chi-square | H74: 0.93333333 | I74: 0.94444444 | J74: 0.83333333 | K74: 0.875 | L74: 0.66666667 | M74: 0.71666667 | N74: 0.94920635 | O74: 0.88253968 | P74: 0.73703231 | Q74: =AVERAGE(H74,J74) -> 0.88333333 | R74: =AVERAGE(H74,J74,L74) -> 0.81111111 | S74: =AVERAGE(N74,O74,P74) -> 0.85625945
G75: Hellinger | H75: 0.93333333 | I75: 0.94444444 | J75: 0.83333333 | K75: 0.87777778 | L75: 0.7 | M75: 0.755 | N75: 0.94861111 | O75: 0.88666667 | P75: 0.76123485 | Q75: =AVERAGE(H75,J75) -> 0.88333333 | R75: =AVERAGE(H75,J75,L75) -> 0.82222222 | S75: =AVERAGE(N75,O75,P75) -> 0.86550421
D76: 2×2 | E76: 4 | F76: 1024 | G76: Chi-square | H76: 0.96666667 | I76: 0.96666667 | J76: 0.93333333 | K76: 0.96666667 | L76: 0.8 | M76: 0.85 | N76: 0.97222222 | O76: 0.96666667 | P76: 0.85165079 | Q76: =AVERAGE(H76,J76) -> 0.95 | R76: =AVERAGE(H76,J76,L76) -> 0.9 | S76: =AVERAGE(N76,O76,P76) -> 0.93017989
G77: Hellinger | H77: 0.96666667 | I77: 0.96666667 | J77: 0.93333333 | K77: 0.96666667 | L77: 0.8 | M77: 0.85666667 | N77: 0.97222222 | O77: 0.96666667 | P77: 0.85866491 | Q77: =AVERAGE(H77,J77) -> 0.95 | R77: =AVERAGE(H77,J77,L77) -> 0.9 | S77: =AVERAGE(N77,O77,P77) -> 0.93251793
D78: 3×3 | E78: 9 | F78: 2304 | G78: Chi-square | H78: 0.96666667 | I78: 0.96666667 | J78: 0.96666667 | K78: 0.97777778 | L78: 0.83333333 | M78: 0.85833333 | N78: 0.96904762 | O78: 0.97777778 | P78: 0.86440934 | Q78: =AVERAGE(H78,J78) -> 0.96666667 | R78: =AVERAGE(H78,J78,L78) -> 0.92222222 | S78: =AVERAGE(N78,O78,P78) -> 0.93707825
G79: Hellinger | H79: 0.96666667 | I79: 0.96666667 | J79: 0.96666667 | K79: 0.98333333 | L79: 0.86666667 | M79: 0.88333333 | N79: 0.96944444 | O79: 0.98333333 | P79: 0.88978395 | Q79: =AVERAGE(H79,J79) -> 0.96666667 | R79: =AVERAGE(H79,J79,L79) -> 0.93333333 | S79: =AVERAGE(N79,O79,P79) -> 0.94752058
D80: 4×4 | E80: 16 | F80: 4096 | G80: Chi-square | H80: 0.96666667 | I80: 0.96666667 | J80: 0.96666667 | K80: 0.97777778 | L80: 0.83333333 | M80: 0.86777778 | N80: 0.97142857 | O80: 0.97777778 | P80: 0.87016908 | Q80: =AVERAGE(H80,J80) -> 0.96666667 | R80: =AVERAGE(H80,J80,L80) -> 0.92222222 | S80: =AVERAGE(N80,O80,P80) -> 0.93979181
G81: Hellinger | H81: 0.96666667 | I81: 0.96666667 | J81: 0.96666667 | K81: 0.97777778 | L81: 0.9 | M81: 0.91111111 | N81: 0.97 | O81: 0.97777778 | P81: 0.91374008 | Q81: =AVERAGE(H81,J81) -> 0.96666667 | R81: =AVERAGE(H81,J81,L81) -> 0.94444444 | S81: =AVERAGE(N81,O81,P81) -> 0.95383929
D82: 5×5 | E82: 25 | F82: 6400 | G82: Chi-square | H82: 0.96666667 | I82: 0.96666667 | J82: 0.93333333 | K82: 0.96111111 | L82: 0.86666667 | M82: 0.88611111 | N82: 0.96969697 | O82: 0.96111111 | P82: 0.88855297 | Q82: =AVERAGE(H82,J82) -> 0.95 | R82: =AVERAGE(H82,J82,L82) -> 0.92222222 | S82: =AVERAGE(N82,O82,P82) -> 0.93978702
G83: Hellinger | H83: 0.96666667 | I83: 0.96666667 | J83: 0.96666667 | K83: 0.98333333 | L83: 0.86666667 | M83: 0.89166667 | N83: 0.96944444 | O83: 0.98333333 | P83: 0.89436508 | Q83: =AVERAGE(H83,J83) -> 0.96666667 | R83: =AVERAGE(H83,J83,L83) -> 0.93333333 | S83: =AVERAGE(N83,O83,P83) -> 0.94904762
D84: 6×6 | E84: 36 | F84: 9216 | G84: Chi-square | H84: 0.96666667 | I84: 0.96666667 | J84: 0.96666667 | K84: 0.97777778 | L84: 0.86666667 | M84: 0.88444444 | N84: 0.96904762 | O84: 0.97777778 | P84: 0.88686127 | Q84: =AVERAGE(H84,J84) -> 0.96666667 | R84: =AVERAGE(H84,J84,L84) -> 0.93333333 | S84: =AVERAGE(N84,O84,P84) -> 0.94456222
G85: Hellinger | H85: 0.96666667 | I85: 0.96666667 | J85: 0.96666667 | K85: 0.98333333 | L85: 0.86666667 | M85: 0.89444444 | N85: 0.96923077 | O85: 0.98333333 | P85: 0.89702093 | Q85: =AVERAGE(H85,J85) -> 0.96666667 | R85: =AVERAGE(H85,J85,L85) -> 0.93333333 | S85: =AVERAGE(N85,O85,P85) -> 0.94986168
D86: 8×8 | E86: 64 | F86: 16384 | G86: Chi-square | H86: 0.96666667 | I86: 0.96666667 | J86: 0.96666667 | K86: 0.98333333 | L86: 0.83333333 | M86: 0.88333333 | N86: 0.96923077 | O86: 0.98333333 | P86: 0.88599791 | Q86: =AVERAGE(H86,J86) -> 0.96666667 | R86: =AVERAGE(H86,J86,L86) -> 0.92222222 | S86: =AVERAGE(N86,O86,P86) -> 0.94618734
G87: Hellinger | H87: 0.96666667 | I87: 0.96666667 | J87: 0.96666667 | K87: 0.98333333 | L87: 0.86666667 | M87: 0.9 | N87: 0.96888889 | O87: 0.98333333 | P87: 0.90303658 | Q87: =AVERAGE(H87,J87) -> 0.96666667 | R87: =AVERAGE(H87,J87,L87) -> 0.93333333 | S87: =AVERAGE(N87,O87,P87) -> 0.95175293
C88: 6×12×12 | D88: 1×1 | E88: 1 | F88: 864 | G88: Chi-square | H88: 0.96666667 | I88: 0.96666667 | J88: 0.76666667 | K88: 0.83166667 | L88: 0.73333333 | M88: 0.76777778 | N88: 0.97222222 | O88: 0.83722222 | P88: 0.78359983 | Q88: =AVERAGE(H88,J88) -> 0.86666667 | R88: =AVERAGE(H88,J88,L88) -> 0.82222222 | S88: =AVERAGE(N88,O88,P88) -> 0.86434809
G89: Hellinger | H89: 0.93333333 | I89: 0.95666667 | J89: 0.76666667 | K89: 0.84 | L89: 0.7 | M89: 0.77333333 | N89: 0.95666667 | O89: 0.84 | P89: 0.77914141 | Q89: =AVERAGE(H89,J89) -> 0.85 | R89: =AVERAGE(H89,J89,L89) -> 0.8 | S89: =AVERAGE(N89,O89,P89) -> 0.85860269
D90: 2×2 | E90: 4 | F90: 3456 | G90: Chi-square | H90: 0.96666667 | I90: 0.97777778 | J90: 0.9 | K90: 0.94444444 | L90: 0.83333333 | M90: 0.84833333 | N90: 0.97777778 | O90: 0.94444444 | P90: 0.85592664 | Q90: =AVERAGE(H90,J90) -> 0.93333333 | R90: =AVERAGE(H90,J90,L90) -> 0.9 | S90: =AVERAGE(N90,O90,P90) -> 0.92604962
G91: Hellinger | H91: 0.96666667 | I91: 0.97777778 | J91: 0.9 | K91: 0.95 | L91: 0.83333333 | M91: 0.85333333 | N91: 0.97777778 | O91: 0.95 | P91: 0.85647186 | Q91: =AVERAGE(H91,J91) -> 0.93333333 | R91: =AVERAGE(H91,J91,L91) -> 0.9 | S91: =AVERAGE(N91,O91,P91) -> 0.92808321
D92: 3×3 | E92: 9 | F92: 7776 | G92: Chi-square | H92: 0.96666667 | I92: 0.96666667 | J92: 1 | K92: 1 | L92: 0.83333333 | M92: 0.86666667 | N92: 0.97083333 | O92: 1 | P92: 0.87617284 | Q92: =AVERAGE(H92,J92) -> 0.98333333 | R92: =AVERAGE(H92,J92,L92) -> 0.93333333 | S92: =AVERAGE(N92,O92,P92) -> 0.94900206
G93: Hellinger | H93: 0.96666667 | I93: 0.96666667 | J93: 1 | K93: 1 | L93: 0.86666667 | M93: 0.89444444 | N93: 0.97037037 | O93: 1 | P93: 0.89826389 | Q93: =AVERAGE(H93,J93) -> 0.98333333 | R93: =AVERAGE(H93,J93,L93) -> 0.94444444 | S93: =AVERAGE(N93,O93,P93) -> 0.95621142
D94: 4×4 | E94: 16 | F94: 13824 | G94: Chi-square | H94: 0.96666667 | I94: 0.96666667 | J94: 0.93333333 | K94: 0.96666667 | L94: 0.86666667 | M94: 0.89166667 | N94: 0.97083333 | O94: 0.96666667 | P94: 0.89781746 | Q94: =AVERAGE(H94,J94) -> 0.95 | R94: =AVERAGE(H94,J94,L94) -> 0.92222222 | S94: =AVERAGE(N94,O94,P94) -> 0.94510582
G95: Hellinger | H95: 0.96666667 | I95: 0.96666667 | J95: 0.96666667 | K95: 0.98333333 | L95: 0.86666667 | M95: 0.9 | N95: 0.97 | O95: 0.98333333 | P95: 0.90518519 | Q95: =AVERAGE(H95,J95) -> 0.96666667 | R95: =AVERAGE(H95,J95,L95) -> 0.93333333 | S95: =AVERAGE(N95,O95,P95) -> 0.95283951
D96: 5×5 | E96: 25 | F96: 21600 | G96: Chi-square | H96: 0.96666667 | I96: 0.96666667 | J96: 0.96666667 | K96: 0.98333333 | L96: 0.86666667 | M96: 0.9 | N96: 0.97037037 | O96: 0.98333333 | P96: 0.90529101 | Q96: =AVERAGE(H96,J96) -> 0.96666667 | R96: =AVERAGE(H96,J96,L96) -> 0.93333333 | S96: =AVERAGE(N96,O96,P96) -> 0.95299824
G97: Hellinger | H97: 0.96666667 | I97: 0.96666667 | J97: 0.96666667 | K97: 0.98333333 | L97: 0.86666667 | M97: 0.9 | N97: 0.96944444 | O97: 0.98333333 | P97: 0.90518519 | Q97: =AVERAGE(H97,J97) -> 0.96666667 | R97: =AVERAGE(H97,J97,L97) -> 0.93333333 | S97: =AVERAGE(N97,O97,P97) -> 0.95265432
D98: 6×6 | E98: 36 | F98: 31104 | G98: Chi-square | H98: 0.96666667 | I98: 0.96666667 | J98: 0.96666667 | K98: 0.98333333 | L98: 0.9 | M98: 0.91666667 | N98: 0.96923077 | O98: 0.98333333 | P98: 0.9217037 | Q98: =AVERAGE(H98,J98) -> 0.96666667 | R98: =AVERAGE(H98,J98,L98) -> 0.94444444 | S98: =AVERAGE(N98,O98,P98) -> 0.95808927
G99: Hellinger | H99: 0.96666667 | I99: 0.96666667 | J99: 0.96666667 | K99: 0.98333333 | L99: 0.9 | M99: 0.91666667 | N99: 0.96904762 | O99: 0.98333333 | P99: 0.92121212 | Q99: =AVERAGE(H99,J99) -> 0.96666667 | R99: =AVERAGE(H99,J99,L99) -> 0.94444444 | S99: =AVERAGE(N99,O99,P99) -> 0.95786436
D100: 8×8 | E100: 64 | F100: 55296 | G100: Chi-square | H100: 0.96666667 | I100: 0.96666667 | J100: 1 | K100: 1 | L100: 0.86666667 | M100: 0.89166667 | N100: 0.96944444 | O100: 1 | P100: 0.89733115 | Q100: =AVERAGE(H100,J100) -> 0.98333333 | R100: =AVERAGE(H100,J100,L100) -> 0.94444444 | S100: =AVERAGE(N100,O100,P100) -> 0.95559187
...

Sheet 4. Spatial pyramid
A1: Spatial pyramid representation (hierarchical 3D histograms): levels and level weights
A2: Notebook §3.5. Each level is a block histogram; levels are concatenated, each multiplied by its weight ('finer heavier' doubles the weight at every finer level, as in Lazebnik et al.). No inner margin.
A3: Color space | B3: Bins per channel | C3: Bin placement | D3: Levels | E3: Level weights | F3: Descriptor dim. | G3: Similarity | H3: map@1 QSD1 | I3: map@5 QSD1 | J3: map@1 QSD2 (GT crop) | K3: map@5 QSD2 (GT crop) | L3: map@1 + BG_Removal (T5) | M3: map@5 + BG_Removal (T5) | N3: MRR QSD1 | O3: MRR QSD2 (GT crop) | P3: MRR + BG_Removal (T5) | Q3: Mean map@1 (QSD1 + QSD2-GT) | R3: Mean map@1 (3 sets) | S3: Mean MRR (3 sets)
A4: HSV | B4: 4 (4×4×4) | C4: uniform | D4: 1×1 + 2×2 | E4: finer heavier 1:2 | F4: 320 | G4: Chi-square | H4: 0.93333333 | I4: 0.96111111 | J4: 0.9 | K4: 0.93333333 | L4: 0.66666667 | M4: 0.73333333 | N4: 0.96111111 | O4: 0.93888889 | P4: 0.74806878 | Q4: =AVERAGE(H4,J4) -> 0.91666667 | R4: =AVERAGE(H4,J4,L4) -> 0.83333333 | S4: =AVERAGE(N4,O4,P4) -> 0.88268959
G5: Hellinger | H5: 0.93333333 | I5: 0.96666667 | J5: 0.83333333 | K5: 0.9 | L5: 0.63333333 | M5: 0.71388889 | N5: 0.96666667 | O5: 0.90555556 | P5: 0.73389724 | Q5: =AVERAGE(H5,J5) -> 0.88333333 | R5: =AVERAGE(H5,J5,L5) -> 0.8 | S5: =AVERAGE(N5,O5,P5) -> 0.86870649
E6: uniform | F6: 320 | G6: Chi-square | H6: 0.93333333 | I6: 0.95555556 | J6: 0.86666667 | K6: 0.91666667 | L6: 0.6 | M6: 0.68611111 | N6: 0.95555556 | O6: 0.92083333 | P6: 0.69797115 | Q6: =AVERAGE(H6,J6) -> 0.9 | R6: =AVERAGE(H6,J6,L6) -> 0.8 | S6: =AVERAGE(N6,O6,P6) -> 0.85812001
G7: Hellinger | H7: 0.93333333 | I7: 0.96666667 | J7: 0.76666667 | K7: 0.85666667 | L7: 0.63333333 | M7: 0.7 | N7: 0.96666667 | O7: 0.86142857 | P7: 0.72318783 | Q7: =AVERAGE(H7,J7) -> 0.85 | R7: =AVERAGE(H7,J7,L7) -> 0.77777778 | S7: =AVERAGE(N7,O7,P7) -> 0.85042769
D8: 4×4 + 8×8 | E8: finer heavier 1:2 | F8: 5120 | G8: Chi-square | H8: 0.96666667 | I8: 0.96666667 | J8: 1 | K8: 1 | L8: 0.9 | M8: 0.90833333 | N8: 0.97222222 | O8: 1 | P8: 0.91865079 | Q8: =AVERAGE(H8,J8) -> 0.98333333 | R8: =AVERAGE(H8,J8,L8) -> 0.95555556 | S8: =AVERAGE(N8,O8,P8) -> 0.96362434
G9: Hellinger | H9: 0.96666667 | I9: 0.96666667 | J9: 1 | K9: 1 | L9: 0.86666667 | M9: 0.9 | N9: 0.97142857 | O9: 1 | P9: 0.90416667 | Q9: =AVERAGE(H9,J9) -> 0.98333333 | R9: =AVERAGE(H9,J9,L9) -> 0.94444444 | S9: =AVERAGE(N9,O9,P9) -> 0.95853175
E10: uniform | F10: 5120 | G10: Chi-square | H10: 0.96666667 | I10: 0.97333333 | J10: 1 | K10: 1 | L10: 0.9 | M10: 0.90666667 | N10: 0.97333333 | O10: 1 | P10: 0.91698413 | Q10: =AVERAGE(H10,J10) -> 0.98333333 | R10: =AVERAGE(H10,J10,L10) -> 0.95555556 | S10: =AVERAGE(N10,O10,P10) -> 0.96343915
G11: Hellinger | H11: 0.96666667 | I11: 0.96666667 | J11: 1 | K11: 1 | L11: 0.86666667 | M11: 0.9 | N11: 0.97222222 | O11: 1 | P11: 0.90416667 | Q11: =AVERAGE(H11,J11) -> 0.98333333 | R11: =AVERAGE(H11,J11,L11) -> 0.94444444 | S11: =AVERAGE(N11,O11,P11) -> 0.9587963
D12: 1×1 + 2×2 + 4×4 | E12: finer heavier 1:2:4 | F12: 1344 | G12: Chi-square | H12: 1 | I12: 1 | J12: 0.96666667 | K12: 0.97777778 | L12: 0.76666667 | M12: 0.81944444 | N12: 1 | O12: 0.97777778 | P12: 0.8325 | Q12: =AVERAGE(H12,J12) -> 0.98333333 | R12: =AVERAGE(H12,J12,L12) -> 0.91111111 | S12: =AVERAGE(N12,O12,P12) -> 0.93675926
G13: Hellinger | H13: 0.96666667 | I13: 0.98333333 | J13: 0.96666667 | K13: 0.975 | L13: 0.76666667 | M13: 0.82222222 | N13: 0.98333333 | O13: 0.975 | P13: 0.83611111 | Q13: =AVERAGE(H13,J13) -> 0.96666667 | R13: =AVERAGE(H13,J13,L13) -> 0.9 | S13: =AVERAGE(N13,O13,P13) -> 0.93148148
E14: uniform | F14: 1344 | G14: Chi-square | H14: 1 | I14: 1 | J14: 0.96666667 | K14: 0.975 | L14: 0.7 | M14: 0.78611111 | N14: 1 | O14: 0.975 | P14: 0.79583333 | Q14: =AVERAGE(H14,J14) -> 0.98333333 | R14: =AVERAGE(H14,J14,L14) -> 0.88888889 | S14: =AVERAGE(N14,O14,P14) -> 0.92361111
G15: Hellinger | H15: 1 | I15: 1 | J15: 0.96666667 | K15: 0.97333333 | L15: 0.7 | M15: 0.78611111 | N15: 1 | O15: 0.97333333 | P15: 0.79661172 | Q15: =AVERAGE(H15,J15) -> 0.98333333 | R15: =AVERAGE(H15,J15,L15) -> 0.88888889 | S15: =AVERAGE(N15,O15,P15) -> 0.92331502
D16: 1×1 + 3×3 + 5×5 | E16: finer heavier 1:2:4 | F16: 2240 | G16: Chi-square | H16: 0.96666667 | I16: 0.98333333 | J16: 0.96666667 | K16: 0.98333333 | L16: 0.76666667 | M16: 0.83611111 | N16: 0.98333333 | O16: 0.98333333 | P16: 0.84398148 | Q16: =AVERAGE(H16,J16) -> 0.96666667 | R16: =AVERAGE(H16,J16,L16) -> 0.9 | S16: =AVERAGE(N16,O16,P16) -> 0.93688272
G17: Hellinger | H17: 0.96666667 | I17: 0.98333333 | J17: 1 | K17: 1 | L17: 0.76666667 | M17: 0.84111111 | N17: 0.98333333 | O17: 1 | P17: 0.84527778 | Q17: =AVERAGE(H17,J17) -> 0.98333333 | R17: =AVERAGE(H17,J17,L17) -> 0.91111111 | S17: =AVERAGE(N17,O17,P17) -> 0.94287037
E18: uniform | F18: 2240 | G18: Chi-square | H18: 1 | I18: 1 | J18: 0.96666667 | K18: 0.98333333 | L18: 0.73333333 | M18: 0.80555556 | N18: 1 | O18: 0.98333333 | P18: 0.81608586 | Q18: =AVERAGE(H18,J18) -> 0.98333333 | R18: =AVERAGE(H18,J18,L18) -> 0.9 | S18: =AVERAGE(N18,O18,P18) -> 0.93313973
G19: Hellinger | H19: 0.96666667 | I19: 0.98333333 | J19: 0.96666667 | K19: 0.97777778 | L19: 0.76666667 | M19: 0.81944444 | N19: 0.98333333 | O19: 0.97777778 | P19: 0.83174603 | Q19: =AVERAGE(H19,J19) -> 0.96666667 | R19: =AVERAGE(H19,J19,L19) -> 0.9 | S19: =AVERAGE(N19,O19,P19) -> 0.93095238
D20: 2×2 + 4×4 + 6×6 | E20: finer heavier 1:2:4 | F20: 3584 | G20: Chi-square | H20: 0.96666667 | I20: 0.97333333 | J20: 1 | K20: 1 | L20: 0.83333333 | M20: 0.87777778 | N20: 0.97333333 | O20: 1 | P20: 0.88670635 | Q20: =AVERAGE(H20,J20) -> 0.98333333 | R20: =AVERAGE(H20,J20,L20) -> 0.93333333 | S20: =AVERAGE(N20,O20,P20) -> 0.95334656
G21: Hellinger | H21: 0.96666667 | I21: 0.97333333 | J21: 1 | K21: 1 | L21: 0.83333333 | M21: 0.88166667 | N21: 0.97333333 | O21: 1 | P21: 0.88537037 | Q21: =AVERAGE(H21,J21) -> 0.98333333 | R21: =AVERAGE(H21,J21,L21) -> 0.93333333 | S21: =AVERAGE(N21,O21,P21) -> 0.95290123
E22: uniform | F22: 3584 | G22: Chi-square | H22: 0.96666667 | I22: 0.97777778 | J22: 0.96666667 | K22: 0.98333333 | L22: 0.76666667 | M22: 0.83888889 | N22: 0.97777778 | O22: 0.98333333 | P22: 0.84698413 | Q22: =AVERAGE(H22,J22) -> 0.96666667 | R22: =AVERAGE(H22,J22,L22) -> 0.9 | S22: =AVERAGE(N22,O22,P22) -> 0.93603175
G23: Hellinger | H23: 0.96666667 | I23: 0.98333333 | J23: 1 | K23: 1 | L23: 0.8 | M23: 0.85944444 | N23: 0.98333333 | O23: 1 | P23: 0.86277778 | Q23: =AVERAGE(H23,J23) -> 0.98333333 | R23: =AVERAGE(H23,J23,L23) -> 0.92222222 | S23: =AVERAGE(N23,O23,P23) -> 0.9487037
D24: 1×1 + 2×2 + 4×4 + 8×8 | E24: finer heavier 1:2:4:8 | F24: 5440 | G24: Chi-square | H24: 0.96666667 | I24: 0.975 | J24: 1 | K24: 1 | L24: 0.86666667 | M24: 0.89166667 | N24: 0.975 | O24: 1 | P24: 0.90138889 | Q24: =AVERAGE(H24,J24) -> 0.98333333 | R24: =AVERAGE(H24,J24,L24) -> 0.94444444 | S24: =AVERAGE(N24,O24,P24) -> 0.9587963
G25: Hellinger | H25: 0.96666667 | I25: 0.97333333 | J25: 1 | K25: 1 | L25: 0.86666667 | M25: 0.89444444 | N25: 0.97333333 | O25: 1 | P25: 0.89814815 | Q25: =AVERAGE(H25,J25) -> 0.98333333 | R25: =AVERAGE(H25,J25,L25) -> 0.94444444 | S25: =AVERAGE(N25,O25,P25) -> 0.95716049
E26: uniform | F26: 5440 | G26: Chi-square | H26: 1 | I26: 1 | J26: 0.96666667 | K26: 0.98333333 | L26: 0.8 | M26: 0.83888889 | N26: 1 | O26: 0.98333333 | P26: 0.85164141 | Q26: =AVERAGE(H26,J26) -> 0.98333333 | R26: =AVERAGE(H26,J26,L26) -> 0.92222222 | S26: =AVERAGE(N26,O26,P26) -> 0.94499158
G27: Hellinger | H27: 0.96666667 | I27: 0.98333333 | J27: 1 | K27: 1 | L27: 0.76666667 | M27: 0.82611111 | N27: 0.98333333 | O27: 1 | P27: 0.83444444 | Q27: =AVERAGE(H27,J27) -> 0.98333333 | R27: =AVERAGE(H27,J27,L27) -> 0.91111111 | S27: =AVERAGE(N27,O27,P27) -> 0.93925926
B28: 8×6×6 | C28: uniform | D28: 1×1 + 2×2 | E28: finer heavier 1:2 | F28: 1440 | G28: Chi-square | H28: 0.96666667 | I28: 0.98333333 | J28: 0.9 | K28: 0.93333333 | L28: 0.8 | M28: 0.84111111 | N28: 0.98333333 | O28: 0.93888889 | P28: 0.84614815 | Q28: =AVERAGE(H28,J28) -> 0.93333333 | R28: =AVERAGE(H28,J28,L28) -> 0.88888889 | S28: =AVERAGE(N28,O28,P28) -> 0.92279012
G29: Hellinger | H29: 0.96666667 | I29: 0.98333333 | J29: 0.9 | K29: 0.93333333 | L29: 0.83333333 | M29: 0.85777778 | N29: 0.98333333 | O29: 0.9375 | P29: 0.86195751 | Q29: =AVERAGE(H29,J29) -> 0.93333333 | R29: =AVERAGE(H29,J29,L29) -> 0.9 | S29: =AVERAGE(N29,O29,P29) -> 0.92759695
E30: uniform | F30: 1440 | G30: Chi-square | H30: 0.96666667 | I30: 0.98333333 | J30: 0.9 | K30: 0.93333333 | L30: 0.76666667 | M30: 0.81333333 | N30: 0.98333333 | O30: 0.93703704 | P30: 0.8231746 | Q30: =AVERAGE(H30,J30) -> 0.93333333 | R30: =AVERAGE(H30,J30,L30) -> 0.87777778 | S30: =AVERAGE(N30,O30,P30) -> 0.91451499
G31: Hellinger | H31: 1 | I31: 1 | J31: 0.9 | K31: 0.93333333 | L31: 0.83333333 | M31: 0.855 | N31: 1 | O31: 0.9375 | P31: 0.858885 | Q31: =AVERAGE(H31,J31) -> 0.95 | R31: =AVERAGE(H31,J31,L31) -> 0.91111111 | S31: =AVERAGE(N31,O31,P31) -> 0.93212833
D32: 4×4 + 8×8 | E32: finer heavier 1:2 | F32: 23040 | G32: Chi-square | H32: 0.96666667 | I32: 0.96666667 | J32: 1 | K32: 1 | L32: 0.93333333 | M32: 0.93333333 | N32: 0.97222222 | O32: 1 | P32: 0.94444444 | Q32: =AVERAGE(H32,J32) -> 0.98333333 | R32: =AVERAGE(H32,J32,L32) -> 0.96666667 | S32: =AVERAGE(N32,O32,P32) -> 0.97222222
G33: Hellinger | H33: 0.96666667 | I33: 0.96666667 | J33: 1 | K33: 1 | L33: 0.9 | M33: 0.925 | N33: 0.97083333 | O33: 1 | P33: 0.9297619 | Q33: =AVERAGE(H33,J33) -> 0.98333333 | R33: =AVERAGE(H33,J33,L33) -> 0.95555556 | S33: =AVERAGE(N33,O33,P33) -> 0.96686508
E34: uniform | F34: 23040 | G34: Chi-square | H34: 0.96666667 | I34: 0.96666667 | J34: 1 | K34: 1 | L34: 0.9 | M34: 0.91666667 | N34: 0.97222222 | O34: 1 | P34: 0.92777778 | Q34: =AVERAGE(H34,J34) -> 0.98333333 | R34: =AVERAGE(H34,J34,L34) -> 0.95555556 | S34: =AVERAGE(N34,O34,P34) -> 0.96666667
G35: Hellinger | H35: 0.96666667 | I35: 0.96666667 | J35: 1 | K35: 1 | L35: 0.9 | M35: 0.925 | N35: 0.97142857 | O35: 1 | P35: 0.9297619 | Q35: =AVERAGE(H35,J35) -> 0.98333333 | R35: =AVERAGE(H35,J35,L35) -> 0.95555556 | S35: =AVERAGE(N35,O35,P35) -> 0.96706349
D36: 1×1 + 2×2 + 4×4 | E36: finer heavier 1:2:4 | F36: 6048 | G36: Chi-square | H36: 0.96666667 | I36: 0.975 | J36: 0.96666667 | K36: 0.97777778 | L36: 0.83333333 | M36: 0.87333333 | N36: 0.975 | O36: 0.97777778 | P36: 0.88222222 | Q36: =AVERAGE(H36,J36) -> 0.96666667 | R36: =AVERAGE(H36,J36,L36) -> 0.92222222 | S36: =AVERAGE(N36,O36,P36) -> 0.945
G37: Hellinger | H37: 0.96666667 | I37: 0.975 | J37: 0.96666667 | K37: 0.97777778 | L37: 0.83333333 | M37: 0.875 | N37: 0.975 | O37: 0.97777778 | P37: 0.88194444 | Q37: =AVERAGE(H37,J37) -> 0.96666667 | R37: =AVERAGE(H37,J37,L37) -> 0.92222222 | S37: =AVERAGE(N37,O37,P37) -> 0.94490741
E38: uniform | F38: 6048 | G38: Chi-square | H38: 0.96666667 | I38: 0.98333333 | J38: 0.93333333 | K38: 0.95666667 | L38: 0.83333333 | M38: 0.86777778 | N38: 0.98333333 | O38: 0.95666667 | P38: 0.8747619 | Q38: =AVERAGE(H38,J38) -> 0.95 | R38: =AVERAGE(H38,J38,L38) -> 0.91111111 | S38: =AVERAGE(N38,O38,P38) -> 0.93825397
G39: Hellinger | H39: 0.96666667 | I39: 0.97777778 | J39: 0.93333333 | K39: 0.95666667 | L39: 0.83333333 | M39: 0.87333333 | N39: 0.97777778 | O39: 0.95666667 | P39: 0.87899782 | Q39: =AVERAGE(H39,J39) -> 0.95 | R39: =AVERAGE(H39,J39,L39) -> 0.91111111 | S39: =AVERAGE(N39,O39,P39) -> 0.93781409
D40: 1×1 + 3×3 + 5×5 | E40: finer heavier 1:2:4 | F40: 10080 | G40: Chi-square | H40: 0.96666667 | I40: 0.975 | J40: 0.96666667 | K40: 0.975 | L40: 0.83333333 | M40: 0.86666667 | N40: 0.975 | O40: 0.975 | P40: 0.88174603 | Q40: =AVERAGE(H40,J40) -> 0.96666667 | R40: =AVERAGE(H40,J40,L40) -> 0.92222222 | S40: =AVERAGE(N40,O40,P40) -> 0.94391534
G41: Hellinger | H41: 0.96666667 | I41: 0.96666667 | J41: 0.96666667 | K41: 0.97777778 | L41: 0.83333333 | M41: 0.88 | N41: 0.97222222 | O41: 0.97777778 | P41: 0.88416667 | Q41: =AVERAGE(H41,J41) -> 0.96666667 | R41: =AVERAGE(H41,J41,L41) -> 0.92222222 | S41: =AVERAGE(N41,O41,P41) -> 0.94472222
E42: uniform | F42: 10080 | G42: Chi-square | H42: 0.96666667 | I42: 0.98333333 | J42: 0.96666667 | K42: 0.96666667 | L42: 0.83333333 | M42: 0.86666667 | N42: 0.98333333 | O42: 0.97222222 | P42: 0.87857143 | Q42: =AVERAGE(H42,J42) -> 0.96666667 | R42: =AVERAGE(H42,J42,L42) -> 0.92222222 | S42: =AVERAGE(N42,O42,P42) -> 0.94470899
G43: Hellinger | H43: 0.96666667 | I43: 0.97777778 | J43: 0.96666667 | K43: 0.96666667 | L43: 0.83333333 | M43: 0.86666667 | N43: 0.97777778 | O43: 0.97083333 | P43: 0.87895299 | Q43: =AVERAGE(H43,J43) -> 0.96666667 | R43: =AVERAGE(H43,J43,L43) -> 0.92222222 | S43: =AVERAGE(N43,O43,P43) -> 0.94252137
D44: 2×2 + 4×4 + 6×6 | E44: finer heavier 1:2:4 | F44: 16128 | G44: Chi-square | H44: 0.96666667 | I44: 0.96666667 | J44: 1 | K44: 1 | L44: 0.86666667 | M44: 0.89166667 | N44: 0.97222222 | O44: 1 | P44: 0.90277778 | Q44: =AVERAGE(H44,J44) -> 0.98333333 | R44: =AVERAGE(H44,J44,L44) -> 0.94444444 | S44: =AVERAGE(N44,O44,P44) -> 0.95833333
G45: Hellinger | H45: 0.96666667 | I45: 0.96666667 | J45: 0.96666667 | K45: 0.97777778 | L45: 0.9 | M45: 0.91666667 | N45: 0.97222222 | O45: 0.97777778 | P45: 0.92142857 | Q45: =AVERAGE(H45,J45) -> 0.96666667 | R45: =AVERAGE(H45,J45,L45) -> 0.94444444 | S45: =AVERAGE(N45,O45,P45) -> 0.95714286
E46: uniform | F46: 16128 | G46: Chi-square | H46: 0.96666667 | I46: 0.975 | J46: 0.96666667 | K46: 0.98333333 | L46: 0.83333333 | M46: 0.87333333 | N46: 0.975 | O46: 0.98333333 | P46: 0.88365079 | Q46: =AVERAGE(H46,J46) -> 0.96666667 | R46: =AVERAGE(H46,J46,L46) -> 0.92222222 | S46: =AVERAGE(N46,O46,P46) -> 0.94732804
G47: Hellinger | H47: 0.96666667 | I47: 0.96666667 | J47: 0.96666667 | K47: 0.97777778 | L47: 0.83333333 | M47: 0.875 | N47: 0.97222222 | O47: 0.97777778 | P47: 0.88392857 | Q47: =AVERAGE(H47,J47) -> 0.96666667 | R47: =AVERAGE(H47,J47,L47) -> 0.92222222 | S47: =AVERAGE(N47,O47,P47) -> 0.94464286
D48: 1×1 + 2×2 + 4×4 + 8×8 | E48: finer heavier 1:2:4:8 | F48: 24480 | G48: Chi-square | H48: 0.96666667 | I48: 0.96666667 | J48: 1 | K48: 1 | L48: 0.9 | M48: 0.92333333 | N48: 0.97222222 | O48: 1 | P48: 0.92888889 | Q48: =AVERAGE(H48,J48) -> 0.98333333 | R48: =AVERAGE(H48,J48,L48) -> 0.95555556 | S48: =AVERAGE(N48,O48,P48) -> 0.96703704
G49: Hellinger | H49: 0.96666667 | I49: 0.96666667 | J49: 1 | K49: 1 | L49: 0.9 | M49: 0.91666667 | N49: 0.97222222 | O49: 1 | P49: 0.92083333 | Q49: =AVERAGE(H49,J49) -> 0.98333333 | R49: =AVERAGE(H49,J49,L49) -> 0.95555556 | S49: =AVERAGE(N49,O49,P49) -> 0.96435185
E50: uniform | F50: 24480 | G50: Chi-square | H50: 0.96666667 | I50: 0.975 | J50: 0.96666667 | K50: 0.98333333 | L50: 0.83333333 | M50: 0.87333333 | N50: 0.975 | O50: 0.98333333 | P50: 0.88191919 | Q50: =AVERAGE(H50,J50) -> 0.96666667 | R50: =AVERAGE(H50,J50,L50) -> 0.92222222 | S50: =AVERAGE(N50,O50,P50) -> 0.94675084
G51: Hellinger | H51: 0.96666667 | I51: 0.975 | J51: 0.96666667 | K51: 0.97777778 | L51: 0.83333333 | M51: 0.875 | N51: 0.975 | O51: 0.97777778 | P51: 0.88148148 | Q51: =AVERAGE(H51,J51) -> 0.96666667 | R51: =AVERAGE(H51,J51,L51) -> 0.92222222 | S51: =AVERAGE(N51,O51,P51) -> 0.94475309
A52: Lab | B52: 8×16×16 | C52: range-adapted | D52: 1×1 + 2×2 | E52: finer heavier 1:2 | F52: 10240 | G52: Chi-square | H52: 0.96666667 | I52: 0.975 | J52: 0.86666667 | K52: 0.92222222 | L52: 0.73333333 | M52: 0.81222222 | N52: 0.975 | O52: 0.92222222 | P52: 0.8155291 | Q52: =AVERAGE(H52,J52) -> 0.91666667 | R52: =AVERAGE(H52,J52,L52) -> 0.85555556 | S52: =AVERAGE(N52,O52,P52) -> 0.90425044
G53: Hellinger | H53: 0.96666667 | I53: 0.96666667 | J53: 0.86666667 | K53: 0.92222222 | L53: 0.76666667 | M53: 0.83444444 | N53: 0.97142857 | O53: 0.92222222 | P53: 0.83725993 | Q53: =AVERAGE(H53,J53) -> 0.91666667 | R53: =AVERAGE(H53,J53,L53) -> 0.86666667 | S53: =AVERAGE(N53,O53,P53) -> 0.91030357
E54: uniform | F54: 10240 | G54: Chi-square | H54: 0.96666667 | I54: 0.97777778 | J54: 0.83333333 | K54: 0.90555556 | L54: 0.73333333 | M54: 0.80944444 | N54: 0.97777778 | O54: 0.90555556 | P54: 0.81242424 | Q54: =AVERAGE(H54,J54) -> 0.9 | R54: =AVERAGE(H54,J54,L54) -> 0.84444444 | S54: =AVERAGE(N54,O54,P54) -> 0.89858586
G55: Hellinger | H55: 0.96666667 | I55: 0.97333333 | J55: 0.86666667 | K55: 0.92222222 | L55: 0.76666667 | M55: 0.84 | N55: 0.97333333 | O55: 0.92222222 | P55: 0.84264106 | Q55: =AVERAGE(H55,J55) -> 0.91666667 | R55: =AVERAGE(H55,J55,L55) -> 0.86666667 | S55: =AVERAGE(N55,O55,P55) -> 0.9127322
D56: 4×4 + 8×8 | E56: finer heavier 1:2 | F56: 163840 | G56: Chi-square | H56: 0.96666667 | I56: 0.96666667 | J56: 0.96666667 | K56: 0.98333333 | L56: 0.9 | M56: 0.91111111 | N56: 0.97083333 | O56: 0.98333333 | P56: 0.91957672 | Q56: =AVERAGE(H56,J56) -> 0.96666667 | R56: =AVERAGE(H56,J56,L56) -> 0.94444444 | S56: =AVERAGE(N56,O56,P56) -> 0.95791446
G57: Hellinger | H57: 0.96666667 | I57: 0.96666667 | J57: 1 | K57: 1 | L57: 0.9 | M57: 0.90833333 | N57: 0.96969697 | O57: 1 | P57: 0.91642857 | Q57: =AVERAGE(H57,J57) -> 0.98333333 | R57: =AVERAGE(H57,J57,L57) -> 0.95555556 | S57: =AVERAGE(N57,O57,P57) -> 0.96204185
E58: uniform | F58: 163840 | G58: Chi-square | H58: 0.96666667 | I58: 0.96666667 | J58: 0.96666667 | K58: 0.98333333 | L58: 0.86666667 | M58: 0.89166667 | N58: 0.97083333 | O58: 0.98333333 | P58: 0.89953704 | Q58: =AVERAGE(H58,J58) -> 0.96666667 | R58: =AVERAGE(H58,J58,L58) -> 0.93333333 | S58: =AVERAGE(N58,O58,P58) -> 0.95123457
G59: Hellinger | H59: 0.96666667 | I59: 0.96666667 | J59: 0.96666667 | K59: 0.98333333 | L59: 0.9 | M59: 0.91111111 | N59: 0.97 | O59: 0.98333333 | P59: 0.91784512 | Q59: =AVERAGE(H59,J59) -> 0.96666667 | R59: =AVERAGE(H59,J59,L59) -> 0.94444444 | S59: =AVERAGE(N59,O59,P59) -> 0.95705948
D60: 1×1 + 2×2 + 4×4 | E60: finer heavier 1:2:4 | F60: 43008 | G60: Chi-square | H60: 0.96666667 | I60: 0.97333333 | J60: 0.93333333 | K60: 0.96111111 | L60: 0.8 | M60: 0.85277778 | N60: 0.97333333 | O60: 0.96111111 | P60: 0.8580303 | Q60: =AVERAGE(H60,J60) -> 0.95 | R60: =AVERAGE(H60,J60,L60) -> 0.9 | S60: =AVERAGE(N60,O60,P60) -> 0.93082492
G61: Hellinger | H61: 0.96666667 | I61: 0.96666667 | J61: 0.93333333 | K61: 0.96666667 | L61: 0.83333333 | M61: 0.88333333 | N61: 0.97083333 | O61: 0.96666667 | P61: 0.88819444 | Q61: =AVERAGE(H61,J61) -> 0.95 | R61: =AVERAGE(H61,J61,L61) -> 0.91111111 | S61: =AVERAGE(N61,O61,P61) -> 0.94189815
E62: uniform | F62: 43008 | G62: Chi-square | H62: 0.96666667 | I62: 0.97333333 | J62: 0.93333333 | K62: 0.96111111 | L62: 0.73333333 | M62: 0.81666667 | N62: 0.97333333 | O62: 0.96111111 | P62: 0.82049689 | Q62: =AVERAGE(H62,J62) -> 0.95 | R62: =AVERAGE(H62,J62,L62) -> 0.87777778 | S62: =AVERAGE(N62,O62,P62) -> 0.91831378
G63: Hellinger | H63: 0.96666667 | I63: 0.96666667 | J63: 0.93333333 | K63: 0.96111111 | L63: 0.76666667 | M63: 0.84166667 | N63: 0.97142857 | O63: 0.96111111 | P63: 0.84519704 | Q63: =AVERAGE(H63,J63) -> 0.95 | R63: =AVERAGE(H63,J63,L63) -> 0.88888889 | S63: =AVERAGE(N63,O63,P63) -> 0.92591224
D64: 1×1 + 3×3 + 5×5 | E64: finer heavier 1:2:4 | F64: 71680 | G64: Chi-square | H64: 0.96666667 | I64: 0.96666667 | J64: 0.96666667 | K64: 0.98333333 | L64: 0.86666667 | M64: 0.89 | N64: 0.97083333 | O64: 0.98333333 | P64: 0.89541126 | Q64: =AVERAGE(H64,J64) -> 0.96666667 | R64: =AVERAGE(H64,J64,L64) -> 0.93333333 | S64: =AVERAGE(N64,O64,P64) -> 0.94985931
G65: Hellinger | H65: 0.96666667 | I65: 0.96666667 | J65: 0.93333333 | K65: 0.96666667 | L65: 0.83333333 | M65: 0.88333333 | N65: 0.97 | O65: 0.96666667 | P65: 0.88846154 | Q65: =AVERAGE(H65,J65) -> 0.95 | R65: =AVERAGE(H65,J65,L65) -> 0.91111111 | S65: =AVERAGE(N65,O65,P65) -> 0.9417094
E66: uniform | F66: 71680 | G66: Chi-square | H66: 0.96666667 | I66: 0.96666667 | J66: 0.93333333 | K66: 0.96666667 | L66: 0.83333333 | M66: 0.86944444 | N66: 0.97222222 | O66: 0.96666667 | P66: 0.87321429 | Q66: =AVERAGE(H66,J66) -> 0.95 | R66: =AVERAGE(H66,J66,L66) -> 0.91111111 | S66: =AVERAGE(N66,O66,P66) -> 0.93736772
G67: Hellinger | H67: 0.96666667 | I67: 0.96666667 | J67: 0.93333333 | K67: 0.96666667 | L67: 0.83333333 | M67: 0.88333333 | N67: 0.97142857 | O67: 0.96666667 | P67: 0.88707071 | Q67: =AVERAGE(H67,J67) -> 0.95 | R67: =AVERAGE(H67,J67,L67) -> 0.91111111 | S67: =AVERAGE(N67,O67,P67) -> 0.94172198
D68: 2×2 + 4×4 + 6×6 | E68: finer heavier 1:2:4 | F68: 114688 | G68: Chi-square | H68: 0.96666667 | I68: 0.96666667 | J68: 0.96666667 | K68: 0.98333333 | L68: 0.86666667 | M68: 0.89166667 | N68: 0.97083333 | O68: 0.98333333 | P68: 0.89777778 | Q68: =AVERAGE(H68,J68) -> 0.96666667 | R68: =AVERAGE(H68,J68,L68) -> 0.93333333 | S68: =AVERAGE(N68,O68,P68) -> 0.95064815
G69: Hellinger | H69: 0.96666667 | I69: 0.96666667 | J69: 0.96666667 | K69: 0.98333333 | L69: 0.83333333 | M69: 0.88333333 | N69: 0.97 | O69: 0.98333333 | P69: 0.88939394 | Q69: =AVERAGE(H69,J69) -> 0.96666667 | R69: =AVERAGE(H69,J69,L69) -> 0.92222222 | S69: =AVERAGE(N69,O69,P69) -> 0.94757576
E70: uniform | F70: 114688 | G70: Chi-square | H70: 0.96666667 | I70: 0.96666667 | J70: 0.96666667 | K70: 0.98333333 | L70: 0.86666667 | M70: 0.89166667 | N70: 0.97222222 | O70: 0.98333333 | P70: 0.89707792 | Q70: =AVERAGE(H70,J70) -> 0.96666667 | R70: =AVERAGE(H70,J70,L70) -> 0.93333333 | S70: =AVERAGE(N70,O70,P70) -> 0.95087783
G71: Hellinger | H71: 0.96666667 | I71: 0.96666667 | J71: 0.96666667 | K71: 0.98333333 | L71: 0.83333333 | M71: 0.88333333 | N71: 0.97037037 | O71: 0.98333333 | P71: 0.88858586 | Q71: =AVERAGE(H71,J71) -> 0.96666667 | R71: =AVERAGE(H71,J71,L71) -> 0.92222222 | S71: =AVERAGE(N71,O71,P71) -> 0.94742985
D72: 1×1 + 2×2 + 4×4 + 8×8 | E72: finer heavier 1:2:4:8 | F72: 174080 | G72: Chi-square | H72: 0.96666667 | I72: 0.96666667 | J72: 1 | K72: 1 | L72: 0.86666667 | M72: 0.89444444 | N72: 0.97142857 | O72: 1 | P72: 0.90111111 | Q72: =AVERAGE(H72,J72) -> 0.98333333 | R72: =AVERAGE(H72,J72,L72) -> 0.94444444 | S72: =AVERAGE(N72,O72,P72) -> 0.95751323
G73: Hellinger | H73: 0.96666667 | I73: 0.96666667 | J73: 0.96666667 | K73: 0.98333333 | L73: 0.86666667 | M73: 0.9 | N73: 0.97 | O73: 0.98333333 | P73: 0.90580808 | Q73: =AVERAGE(H73,J73) -> 0.96666667 | R73: =AVERAGE(H73,J73,L73) -> 0.93333333 | S73: =AVERAGE(N73,O73,P73) -> 0.95304714
E74: uniform | F74: 174080 | G74: Chi-square | H74: 0.96666667 | I74: 0.97333333 | J74: 0.93333333 | K74: 0.96111111 | L74: 0.83333333 | M74: 0.87222222 | N74: 0.97333333 | O74: 0.96111111 | P74: 0.87654071 | Q74: =AVERAGE(H74,J74) -> 0.95 | R74: =AVERAGE(H74,J74,L74) -> 0.91111111 | S74: =AVERAGE(N74,O74,P74) -> 0.93699505
G75: Hellinger | H75: 0.96666667 | I75: 0.96666667 | J75: 0.93333333 | K75: 0.96666667 | L75: 0.83333333 | M75: 0.88333333 | N75: 0.97142857 | O75: 0.96666667 | P75: 0.88769841 | Q75: =AVERAGE(H75,J75) -> 0.95 | R75: =AVERAGE(H75,J75,L75) -> 0.91111111 | S75: =AVERAGE(N75,O75,P75) -> 0.94193122
A76: YCrCb | B76: 6×12×12 | C76: range-adapted | D76: 1×1 + 2×2 | E76: finer heavier 1:2 | F76: 4320 | G76: Chi-square | H76: 0.96666667 | I76: 0.97777778 | J76: 0.83333333 | K76: 0.89722222 | L76: 0.83333333 | M76: 0.84 | N76: 0.97777778 | O76: 0.89722222 | P76: 0.85290598 | Q76: =AVERAGE(H76,J76) -> 0.9 | R76: =AVERAGE(H76,J76,L76) -> 0.87777778 | S76: =AVERAGE(N76,O76,P76) -> 0.90930199
G77: Hellinger | H77: 0.96666667 | I77: 0.97777778 | J77: 0.83333333 | K77: 0.91111111 | L77: 0.83333333 | M77: 0.855 | N77: 0.97777778 | O77: 0.91111111 | P77: 0.85791859 | Q77: =AVERAGE(H77,J77) -> 0.9 | R77: =AVERAGE(H77,J77,L77) -> 0.87777778 | S77: =AVERAGE(N77,O77,P77) -> 0.91560249
E78: uniform | F78: 4320 | G78: Chi-square | H78: 0.96666667 | I78: 0.97777778 | J78: 0.83333333 | K78: 0.89722222 | L78: 0.83333333 | M78: 0.84 | N78: 0.97777778 | O78: 0.89722222 | P78: 0.85368421 | Q78: =AVERAGE(H78,J78) -> 0.9 | R78: =AVERAGE(H78,J78,L78) -> 0.87777778 | S78: =AVERAGE(N78,O78,P78) -> 0.9095614
G79: Hellinger | H79: 0.93333333 | I79: 0.96111111 | J79: 0.83333333 | K79: 0.89722222 | L79: 0.83333333 | M79: 0.85 | N79: 0.96111111 | O79: 0.89722222 | P79: 0.8584196 | Q79: =AVERAGE(H79,J79) -> 0.88333333 | R79: =AVERAGE(H79,J79,L79) -> 0.86666667 | S79: =AVERAGE(N79,O79,P79) -> 0.90558431
D80: 4×4 + 8×8 | E80: finer heavier 1:2 | F80: 69120 | G80: Chi-square | H80: 0.96666667 | I80: 0.96666667 | J80: 1 | K80: 1 | L80: 0.86666667 | M80: 0.9 | N80: 0.96969697 | O80: 1 | P80: 0.90529412 | Q80: =AVERAGE(H80,J80) -> 0.98333333 | R80: =AVERAGE(H80,J80,L80) -> 0.94444444 | S80: =AVERAGE(N80,O80,P80) -> 0.95833036
G81: Hellinger | H81: 0.96666667 | I81: 0.96666667 | J81: 1 | K81: 1 | L81: 0.93333333 | M81: 0.93333333 | N81: 0.96923077 | O81: 1 | P81: 0.93832442 | Q81: =AVERAGE(H81,J81) -> 0.98333333 | R81: =AVERAGE(H81,J81,L81) -> 0.96666667 | S81: =AVERAGE(N81,O81,P81) -> 0.96918506
E82: uniform | F82: 69120 | G82: Chi-square | H82: 0.96666667 | I82: 0.96666667 | J82: 1 | K82: 1 | L82: 0.83333333 | M82: 0.88333333 | N82: 0.97 | O82: 1 | P82: 0.8887037 | Q82: =AVERAGE(H82,J82) -> 0.98333333 | R82: =AVERAGE(H82,J82,L82) -> 0.93333333 | S82: =AVERAGE(N82,O82,P82) -> 0.95290123
G83: Hellinger | H83: 0.96666667 | I83: 0.96666667 | J83: 1 | K83: 1 | L83: 0.93333333 | M83: 0.93333333 | N83: 0.96944444 | O83: 1 | P83: 0.93832442 | Q83: =AVERAGE(H83,J83) -> 0.98333333 | R83: =AVERAGE(H83,J83,L83) -> 0.96666667 | S83: =AVERAGE(N83,O83,P83) -> 0.96925629
D84: 1×1 + 2×2 + 4×4 | E84: finer heavier 1:2:4 | F84: 18144 | G84: Chi-square | H84: 0.96666667 | I84: 0.97333333 | J84: 0.9 | K84: 0.95 | L84: 0.86666667 | M84: 0.89444444 | N84: 0.97333333 | O84: 0.95 | P84: 0.89839506 | Q84: =AVERAGE(H84,J84) -> 0.93333333 | R84: =AVERAGE(H84,J84,L84) -> 0.91111111 | S84: =AVERAGE(N84,O84,P84) -> 0.94057613
G85: Hellinger | H85: 0.96666667 | I85: 0.97333333 | J85: 0.93333333 | K85: 0.96666667 | L85: 0.86666667 | M85: 0.9 | N85: 0.97333333 | O85: 0.96666667 | P85: 0.90414141 | Q85: =AVERAGE(H85,J85) -> 0.95 | R85: =AVERAGE(H85,J85,L85) -> 0.92222222 | S85: =AVERAGE(N85,O85,P85) -> 0.94804714
E86: uniform | F86: 18144 | G86: Chi-square | H86: 0.96666667 | I86: 0.975 | J86: 0.9 | K86: 0.95 | L86: 0.83333333 | M86: 0.87222222 | N86: 0.975 | O86: 0.95 | P86: 0.8754386 | Q86: =AVERAGE(H86,J86) -> 0.93333333 | R86: =AVERAGE(H86,J86,L86) -> 0.9 | S86: =AVERAGE(N86,O86,P86) -> 0.93347953
G87: Hellinger | H87: 0.96666667 | I87: 0.97777778 | J87: 0.93333333 | K87: 0.96666667 | L87: 0.83333333 | M87: 0.86388889 | N87: 0.97777778 | O87: 0.96666667 | P87: 0.86758586 | Q87: =AVERAGE(H87,J87) -> 0.95 | R87: =AVERAGE(H87,J87,L87) -> 0.91111111 | S87: =AVERAGE(N87,O87,P87) -> 0.93734343
D88: 1×1 + 3×3 + 5×5 | E88: finer heavier 1:2:4 | F88: 30240 | G88: Chi-square | H88: 0.96666667 | I88: 0.96666667 | J88: 0.96666667 | K88: 0.98333333 | L88: 0.86666667 | M88: 0.89444444 | N88: 0.97083333 | O88: 0.98333333 | P88: 0.89935185 | Q88: =AVERAGE(H88,J88) -> 0.96666667 | R88: =AVERAGE(H88,J88,L88) -> 0.93333333 | S88: =AVERAGE(N88,O88,P88) -> 0.95117284
G89: Hellinger | H89: 0.96666667 | I89: 0.96666667 | J89: 1 | K89: 1 | L89: 0.86666667 | M89: 0.9 | N89: 0.97037037 | O89: 1 | P89: 0.90426487 | Q89: =AVERAGE(H89,J89) -> 0.98333333 | R89: =AVERAGE(H89,J89,L89) -> 0.94444444 | S89: =AVERAGE(N89,O89,P89) -> 0.95821175
E90: uniform | F90: 30240 | G90: Chi-square | H90: 0.96666667 | I90: 0.97333333 | J90: 0.93333333 | K90: 0.96666667 | L90: 0.86666667 | M90: 0.89444444 | N90: 0.97333333 | O90: 0.96666667 | P90: 0.89769841 | Q90: =AVERAGE(H90,J90) -> 0.95 | R90: =AVERAGE(H90,J90,L90) -> 0.92222222 | S90: =AVERAGE(N90,O90,P90) -> 0.94589947
G91: Hellinger | H91: 0.96666667 | I91: 0.96666667 | J91: 0.96666667 | K91: 0.98333333 | L91: 0.86666667 | M91: 0.9 | N91: 0.97142857 | O91: 0.98333333 | P91: 0.90382395 | Q91: =AVERAGE(H91,J91) -> 0.96666667 | R91: =AVERAGE(H91,J91,L91) -> 0.93333333 | S91: =AVERAGE(N91,O91,P91) -> 0.95286195
D92: 2×2 + 4×4 + 6×6 | E92: finer heavier 1:2:4 | F92: 48384 | G92: Chi-square | H92: 0.96666667 | I92: 0.96666667 | J92: 0.96666667 | K92: 0.98333333 | L92: 0.86666667 | M92: 0.9 | N92: 0.97083333 | O92: 0.98333333 | P92: 0.90444444 | Q92: =AVERAGE(H92,J92) -> 0.96666667 | R92: =AVERAGE(H92,J92,L92) -> 0.93333333 | S92: =AVERAGE(N92,O92,P92) -> 0.95287037
G93: Hellinger | H93: 0.96666667 | I93: 0.96666667 | J93: 0.96666667 | K93: 0.98333333 | L93: 0.86666667 | M93: 0.9 | N93: 0.96969697 | O93: 0.98333333 | P93: 0.90469697 | Q93: =AVERAGE(H93,J93) -> 0.96666667 | R93: =AVERAGE(H93,J93,L93) -> 0.93333333 | S93: =AVERAGE(N93,O93,P93) -> 0.95257576
E94: uniform | F94: 48384 | G94: Chi-square | H94: 0.96666667 | I94: 0.96666667 | J94: 0.96666667 | K94: 0.98333333 | L94: 0.86666667 | M94: 0.89444444 | N94: 0.97083333 | O94: 0.98333333 | P94: 0.89859079 | Q94: =AVERAGE(H94,J94) -> 0.96666667 | R94: =AVERAGE(H94,J94,L94) -> 0.93333333 | S94: =AVERAGE(N94,O94,P94) -> 0.95091915
G95: Hellinger | H95: 0.96666667 | I95: 0.96666667 | J95: 0.96666667 | K95: 0.98333333 | L95: 0.86666667 | M95: 0.9 | N95: 0.97083333 | O95: 0.98333333 | P95: 0.90441919 | Q95: =AVERAGE(H95,J95) -> 0.96666667 | R95: =AVERAGE(H95,J95,L95) -> 0.93333333 | S95: =AVERAGE(N95,O95,P95) -> 0.95286195
D96: 1×1 + 2×2 + 4×4 + 8×8 | E96: finer heavier 1:2:4:8 | F96: 73440 | G96: Chi-square | H96: 0.96666667 | I96: 0.96666667 | J96: 1 | K96: 1 | L96: 0.83333333 | M96: 0.88333333 | N96: 0.97037037 | O96: 1 | P96: 0.88785714 | Q96: =AVERAGE(H96,J96) -> 0.98333333 | R96: =AVERAGE(H96,J96,L96) -> 0.93333333 | S96: =AVERAGE(N96,O96,P96) -> 0.9527425
G97: Hellinger | H97: 0.96666667 | I97: 0.96666667 | J97: 1 | K97: 1 | L97: 0.86666667 | M97: 0.9 | N97: 0.97 | O97: 1 | P97: 0.90436508 | Q97: =AVERAGE(H97,J97) -> 0.98333333 | R97: =AVERAGE(H97,J97,L97) -> 0.94444444 | S97: =AVERAGE(N97,O97,P97) -> 0.95812169
E98: uniform | F98: 73440 | G98: Chi-square | H98: 0.96666667 | I98: 0.97333333 | J98: 0.93333333 | K98: 0.96666667 | L98: 0.86666667 | M98: 0.88888889 | N98: 0.97333333 | O98: 0.96666667 | P98: 0.89198209 | Q98: =AVERAGE(H98,J98) -> 0.95 | R98: =AVERAGE(H98,J98,L98) -> 0.92222222 | S98: =AVERAGE(N98,O98,P98) -> 0.94399403
G99: Hellinger | H99: 0.96666667 | I99: 0.96666667 | J99: 1 | K99: 1 | L99: 0.86666667 | M99: 0.9 | N99: 0.97142857 | O99: 1 | P99: 0.90354449 | Q99: =AVERAGE(H99,J99) -> 0.98333333 | R99: =AVERAGE(H99,J99,L99) -> 0.94444444 | S99: =AVERAGE(N99,O99,P99) -> 0.95832436

Sheet 5. Distances
A1: Similarity / distance measures on the best block descriptors
A2: Notebook §3.6. With normalised histograms, histogram intersection ranks exactly like L1.
A3: Descriptor | B3: Similarity | C3: map@1 QSD1 | D3: map@5 QSD1 | E3: map@1 QSD2 (GT crop) | F3: map@5 QSD2 (GT crop) | G3: map@1 + BG_Removal (T5) | H3: map@5 + BG_Removal (T5) | I3: MRR QSD1 | J3: MRR QSD2 (GT crop) | K3: MRR + BG_Removal (T5) | L3: Mean map@1 (QSD1 + QSD2-GT) | M3: Mean map@1 (3 sets) | N3: Mean MRR (3 sets)
A4: HSV 3D 4 (4×4×4), 5×5 blocks (uniform bins) | B4: L1 (= intersection) | C4: 0.96666667 | D4: 0.97777778 | E4: 1 | F4: 1 | G4: 0.86666667 | H4: 0.89166667 | I4: 0.97777778 | J4: 1 | K4: 0.89953704 | L4: =AVERAGE(C4,E4) -> 0.98333333 | M4: =AVERAGE(C4,E4,G4) -> 0.94444444 | N4: =AVERAGE(I4,J4,K4) -> 0.95910494
B5: Euclidean | C5: 0.9 | D5: 0.925 | E5: 0.76666667 | F5: 0.81388889 | G5: 0.66666667 | H5: 0.68333333 | I5: 0.92595238 | J5: 0.81628061 | K5: 0.69978171 | L5: =AVERAGE(C5,E5) -> 0.83333333 | M5: =AVERAGE(C5,E5,G5) -> 0.77777778 | N5: =AVERAGE(I5,J5,K5) -> 0.8140049
B6: Chi-square | C6: 0.96666667 | D6: 0.975 | E6: 1 | F6: 1 | G6: 0.86666667 | H6: 0.88444444 | I6: 0.975 | J6: 1 | K6: 0.89396825 | L6: =AVERAGE(C6,E6) -> 0.98333333 | M6: =AVERAGE(C6,E6,G6) -> 0.94444444 | N6: =AVERAGE(I6,J6,K6) -> 0.95632275
B7: Hellinger | C7: 0.96666667 | D7: 0.97333333 | E7: 1 | F7: 1 | G7: 0.83333333 | H7: 0.87888889 | I7: 0.97333333 | J7: 1 | K7: 0.88259259 | L7: =AVERAGE(C7,E7) -> 0.98333333 | M7: =AVERAGE(C7,E7,G7) -> 0.93333333 | N7: =AVERAGE(I7,J7,K7) -> 0.95197531
B8: Jensen-Shannon | C8: 0.96666667 | D8: 0.975 | E8: 1 | F8: 1 | G8: 0.86666667 | H8: 0.88444444 | I8: 0.975 | J8: 1 | K8: 0.89396825 | L8: =AVERAGE(C8,E8) -> 0.98333333 | M8: =AVERAGE(C8,E8,G8) -> 0.94444444 | N8: =AVERAGE(I8,J8,K8) -> 0.95632275
A9: HSV 3D 8×6×6, 5×5 blocks (uniform bins) | B9: L1 (= intersection) | C9: 0.96666667 | D9: 0.975 | E9: 1 | F9: 1 | G9: 0.9 | H9: 0.92333333 | I9: 0.975 | J9: 1 | K9: 0.92888889 | L9: =AVERAGE(C9,E9) -> 0.98333333 | M9: =AVERAGE(C9,E9,G9) -> 0.95555556 | N9: =AVERAGE(I9,J9,K9) -> 0.96796296
B10: Euclidean | C10: 0.83333333 | D10: 0.84444444 | E10: 0.76666667 | F10: 0.78888889 | G10: 0.6 | H10: 0.62777778 | I10: 0.85491522 | J10: 0.79603829 | K10: 0.64485907 | L10: =AVERAGE(C10,E10) -> 0.8 | M10: =AVERAGE(C10,E10,G10) -> 0.73333333 | N10: =AVERAGE(I10,J10,K10) -> 0.76527086
B11: Chi-square | C11: 0.96666667 | D11: 0.96666667 | E11: 1 | F11: 1 | G11: 0.86666667 | H11: 0.90666667 | I11: 0.97222222 | J11: 1 | K11: 0.91222222 | L11: =AVERAGE(C11,E11) -> 0.98333333 | M11: =AVERAGE(C11,E11,G11) -> 0.94444444 | N11: =AVERAGE(I11,J11,K11) -> 0.96148148
B12: Hellinger | C12: 0.96666667 | D12: 0.96666667 | E12: 0.96666667 | F12: 0.97777778 | G12: 0.93333333 | H12: 0.94166667 | I12: 0.97083333 | J12: 0.97777778 | K12: 0.94642857 | L12: =AVERAGE(C12,E12) -> 0.96666667 | M12: =AVERAGE(C12,E12,G12) -> 0.95555556 | N12: =AVERAGE(I12,J12,K12) -> 0.96501323
B13: Jensen-Shannon | C13: 0.96666667 | D13: 0.96666667 | E13: 0.96666667 | F13: 0.98333333 | G13: 0.93333333 | H13: 0.94166667 | I13: 0.97222222 | J13: 0.98333333 | K13: 0.94642857 | L13: =AVERAGE(C13,E13) -> 0.96666667 | M13: =AVERAGE(C13,E13,G13) -> 0.95555556 | N13: =AVERAGE(I13,J13,K13) -> 0.96732804
A14: HSV 3D 12×8×8, 4×4 blocks (uniform bins) | B14: L1 (= intersection) | C14: 0.96666667 | D14: 0.975 | E14: 0.96666667 | F14: 0.98333333 | G14: 0.9 | H14: 0.9 | I14: 0.975 | J14: 0.98333333 | K14: 0.91448413 | L14: =AVERAGE(C14,E14) -> 0.96666667 | M14: =AVERAGE(C14,E14,G14) -> 0.94444444 | N14: =AVERAGE(I14,J14,K14) -> 0.95760582
B15: Euclidean | C15: 0.7 | D15: 0.73333333 | E15: 0.66666667 | F15: 0.68333333 | G15: 0.6 | H15: 0.61666667 | I15: 0.74730427 | J15: 0.69280285 | K15: 0.62372249 | L15: =AVERAGE(C15,E15) -> 0.68333333 | M15: =AVERAGE(C15,E15,G15) -> 0.65555556 | N15: =AVERAGE(I15,J15,K15) -> 0.6879432
B16: Chi-square | C16: 0.96666667 | D16: 0.97333333 | E16: 1 | F16: 1 | G16: 0.9 | H16: 0.9 | I16: 0.97333333 | J16: 1 | K16: 0.91365079 | L16: =AVERAGE(C16,E16) -> 0.98333333 | M16: =AVERAGE(C16,E16,G16) -> 0.95555556 | N16: =AVERAGE(I16,J16,K16) -> 0.96232804
B17: Hellinger | C17: 0.96666667 | D17: 0.96666667 | E17: 1 | F17: 1 | G17: 0.9 | H17: 0.9 | I17: 0.97222222 | J17: 1 | K17: 0.91334776 | L17: =AVERAGE(C17,E17) -> 0.98333333 | M17: =AVERAGE(C17,E17,G17) -> 0.95555556 | N17: =AVERAGE(I17,J17,K17) -> 0.96185666
B18: Jensen-Shannon | C18: 0.96666667 | D18: 0.96666667 | E18: 1 | F18: 1 | G18: 0.9 | H18: 0.9 | I18: 0.97222222 | J18: 1 | K18: 0.91334776 | L18: =AVERAGE(C18,E18) -> 0.98333333 | M18: =AVERAGE(C18,E18,G18) -> 0.95555556 | N18: =AVERAGE(I18,J18,K18) -> 0.96185666
A19: Lab 3D 8×16×16, 6×6 blocks (range-adapted bins) | B19: L1 (= intersection) | C19: 0.96666667 | D19: 0.96666667 | E19: 0.96666667 | F19: 0.98333333 | G19: 0.9 | H19: 0.9 | I19: 0.97037037 | J19: 0.98333333 | K19: 0.91285714 | L19: =AVERAGE(C19,E19) -> 0.96666667 | M19: =AVERAGE(C19,E19,G19) -> 0.94444444 | N19: =AVERAGE(I19,J19,K19) -> 0.95552028
B20: Euclidean | C20: 0.7 | D20: 0.74 | E20: 0.76666667 | F20: 0.78333333 | G20: 0.63333333 | H20: 0.63333333 | I20: 0.74728102 | J20: 0.79057224 | K20: 0.65216981 | L20: =AVERAGE(C20,E20) -> 0.73333333 | M20: =AVERAGE(C20,E20,G20) -> 0.7 | N20: =AVERAGE(I20,J20,K20) -> 0.73000769
B21: Chi-square | C21: 0.96666667 | D21: 0.96666667 | E21: 0.93333333 | F21: 0.96666667 | G21: 0.9 | H21: 0.9 | I21: 0.97037037 | J21: 0.96666667 | K21: 0.91179894 | L21: =AVERAGE(C21,E21) -> 0.95 | M21: =AVERAGE(C21,E21,G21) -> 0.93333333 | N21: =AVERAGE(I21,J21,K21) -> 0.94961199
B22: Hellinger | C22: 0.96666667 | D22: 0.96666667 | E22: 0.96666667 | F22: 0.98333333 | G22: 0.9 | H22: 0.90666667 | I22: 0.97 | J22: 0.98333333 | K22: 0.9130303 | L22: =AVERAGE(C22,E22) -> 0.96666667 | M22: =AVERAGE(C22,E22,G22) -> 0.94444444 | N22: =AVERAGE(I22,J22,K22) -> 0.95545455
B23: Jensen-Shannon | C23: 0.96666667 | D23: 0.96666667 | E23: 0.96666667 | F23: 0.98333333 | G23: 0.9 | H23: 0.9 | I23: 0.97 | J23: 0.98333333 | K23: 0.91222222 | L23: =AVERAGE(C23,E23) -> 0.96666667 | M23: =AVERAGE(C23,E23,G23) -> 0.94444444 | N23: =AVERAGE(I23,J23,K23) -> 0.95518519
A24: YCrCb 3D 6×12×12, 3×3 blocks (range-adapted bins) | B24: L1 (= intersection) | C24: 0.96666667 | D24: 0.96666667 | E24: 0.93333333 | F24: 0.96666667 | G24: 0.86666667 | H24: 0.89 | I24: 0.97222222 | J24: 0.96666667 | K24: 0.89529954 | L24: =AVERAGE(C24,E24) -> 0.95 | M24: =AVERAGE(C24,E24,G24) -> 0.92222222 | N24: =AVERAGE(I24,J24,K24) -> 0.94472948
B25: Euclidean | C25: 0.83333333 | D25: 0.87777778 | E25: 0.8 | F25: 0.80833333 | G25: 0.7 | H25: 0.73166667 | I25: 0.88088833 | J25: 0.81777519 | K25: 0.74315495 | L25: =AVERAGE(C25,E25) -> 0.81666667 | M25: =AVERAGE(C25,E25,G25) -> 0.77777778 | N25: =AVERAGE(I25,J25,K25) -> 0.81393949
B26: Chi-square | C26: 0.96666667 | D26: 0.96666667 | E26: 1 | F26: 1 | G26: 0.83333333 | H26: 0.86666667 | I26: 0.97083333 | J26: 1 | K26: 0.87617284 | L26: =AVERAGE(C26,E26) -> 0.98333333 | M26: =AVERAGE(C26,E26,G26) -> 0.93333333 | N26: =AVERAGE(I26,J26,K26) -> 0.94900206
B27: Hellinger | C27: 0.96666667 | D27: 0.96666667 | E27: 1 | F27: 1 | G27: 0.86666667 | H27: 0.89444444 | I27: 0.97037037 | J27: 1 | K27: 0.89826389 | L27: =AVERAGE(C27,E27) -> 0.98333333 | M27: =AVERAGE(C27,E27,G27) -> 0.94444444 | N27: =AVERAGE(I27,J27,K27) -> 0.95621142
B28: Jensen-Shannon | C28: 0.96666667 | D28: 0.96666667 | E28: 1 | F28: 1 | G28: 0.86666667 | H28: 0.89 | I28: 0.97083333 | J28: 1 | K28: 0.89351852 | L28: =AVERAGE(C28,E28) -> 0.98333333 | M28: =AVERAGE(C28,E28,G28) -> 0.94444444 | N28: =AVERAGE(I28,J28,K28) -> 0.95478395
A29: YCrCb 3D 6×12×12, 6×6 blocks (range-adapted bins) | B29: L1 (= intersection) | C29: 0.96666667 | D29: 0.96666667 | E29: 0.96666667 | F29: 0.98333333 | G29: 0.86666667 | H29: 0.9 | I29: 0.96969697 | J29: 0.98333333 | K29: 0.90544872 | L29: =AVERAGE(C29,E29) -> 0.96666667 | M29: =AVERAGE(C29,E29,G29) -> 0.93333333 | N29: =AVERAGE(I29,J29,K29) -> 0.95282634
B30: Euclidean | C30: 0.9 | D30: 0.90666667 | E30: 0.8 | F30: 0.81666667 | G30: 0.7 | H30: 0.72222222 | I30: 0.90833333 | J30: 0.82423266 | K30: 0.73283871 | L30: =AVERAGE(C30,E30) -> 0.85 | M30: =AVERAGE(C30,E30,G30) -> 0.8 | N30: =AVERAGE(I30,J30,K30) -> 0.82180157
B31: Chi-square | C31: 0.96666667 | D31: 0.96666667 | E31: 0.96666667 | F31: 0.98333333 | G31: 0.9 | H31: 0.91666667 | I31: 0.96923077 | J31: 0.98333333 | K31: 0.9217037 | L31: =AVERAGE(C31,E31) -> 0.96666667 | M31: =AVERAGE(C31,E31,G31) -> 0.94444444 | N31: =AVERAGE(I31,J31,K31) -> 0.95808927
B32: Hellinger | C32: 0.96666667 | D32: 0.96666667 | E32: 0.96666667 | F32: 0.98333333 | G32: 0.9 | H32: 0.91666667 | I32: 0.96904762 | J32: 0.98333333 | K32: 0.92121212 | L32: =AVERAGE(C32,E32) -> 0.96666667 | M32: =AVERAGE(C32,E32,G32) -> 0.94444444 | N32: =AVERAGE(I32,J32,K32) -> 0.95786436
B33: Jensen-Shannon | C33: 0.96666667 | D33: 0.96666667 | E33: 0.96666667 | F33: 0.98333333 | G33: 0.9 | H33: 0.91666667 | I33: 0.96923077 | J33: 0.98333333 | K33: 0.9210303 | L33: =AVERAGE(C33,E33) -> 0.96666667 | M33: =AVERAGE(C33,E33,G33) -> 0.94444444 | N33: =AVERAGE(I33,J33,K33) -> 0.9578648

Sheet 6. Margin + BG removal (T5)
A1: Task 5: robustness to imperfect masks – inner margin removed on each side (queries and BBDD)
A2: Notebook §6 / §6.1. map@1 + BG_Removal (T5) = QSD2 cropped with OUR masks (method M2). The final methods use a 5% margin and Hellinger.
A3: Descriptor | B3: Inner margin | C3: Similarity | D3: map@1 QSD1 | E3: map@5 QSD1 | F3: map@1 QSD2 (GT crop) | G3: map@5 QSD2 (GT crop) | H3: map@1 + BG_Removal (T5) | I3: map@5 + BG_Removal (T5) | J3: MRR QSD1 | K3: MRR QSD2 (GT crop) | L3: MRR + BG_Removal (T5) | M3: Mean map@1 (QSD1 + QSD2-GT) | N3: Mean map@1 (3 sets) | O3: Mean MRR (3 sets)
A4: HSV 3D 12×8×8 (uniform), 4×4 blocks | B4: 0% | C4: Chi-square | D4: 0.96666667 | E4: 0.97333333 | F4: 1 | G4: 1 | H4: 0.9 | I4: 0.9 | J4: 0.97333333 | K4: 1 | L4: 0.91365079 | M4: =AVERAGE(D4,F4) -> 0.98333333 | N4: =AVERAGE(D4,F4,H4) -> 0.95555556 | O4: =AVERAGE(J4,K4,L4) -> 0.96232804
C5: Hellinger | D5: 0.96666667 | E5: 0.96666667 | F5: 1 | G5: 1 | H5: 0.9 | I5: 0.9 | J5: 0.97222222 | K5: 1 | L5: 0.91334776 | M5: =AVERAGE(D5,F5) -> 0.98333333 | N5: =AVERAGE(D5,F5,H5) -> 0.95555556 | O5: =AVERAGE(J5,K5,L5) -> 0.96185666
B6: 3% | C6: Chi-square | D6: 0.96666667 | E6: 0.96666667 | F6: 1 | G6: 1 | H6: 0.9 | I6: 0.93333333 | J6: 0.97222222 | K6: 1 | L6: 0.93541667 | M6: =AVERAGE(D6,F6) -> 0.98333333 | N6: =AVERAGE(D6,F6,H6) -> 0.95555556 | O6: =AVERAGE(J6,K6,L6) -> 0.96921296
C7: Hellinger | D7: 0.96666667 | E7: 0.96666667 | F7: 1 | G7: 1 | H7: 0.93333333 | I7: 0.94444444 | J7: 0.97142857 | K7: 1 | L7: 0.94640523 | M7: =AVERAGE(D7,F7) -> 0.98333333 | N7: =AVERAGE(D7,F7,H7) -> 0.96666667 | O7: =AVERAGE(J7,K7,L7) -> 0.97261127
B8: 5% | C8: Chi-square | D8: 0.96666667 | E8: 0.96666667 | F8: 0.96666667 | G8: 0.98333333 | H8: 0.9 | I8: 0.93333333 | J8: 0.97083333 | K8: 0.98333333 | L8: 0.93809524 | M8: =AVERAGE(D8,F8) -> 0.96666667 | N8: =AVERAGE(D8,F8,H8) -> 0.94444444 | O8: =AVERAGE(J8,K8,L8) -> 0.9640873
C9: Hellinger | D9: 0.96666667 | E9: 0.96666667 | F9: 1 | G9: 1 | H9: 0.93333333 | I9: 0.94444444 | J9: 0.97 | K9: 1 | L9: 0.94777778 | M9: =AVERAGE(D9,F9) -> 0.98333333 | N9: =AVERAGE(D9,F9,H9) -> 0.96666667 | O9: =AVERAGE(J9,K9,L9) -> 0.97259259
B10: 8% | C10: Chi-square | D10: 0.96666667 | E10: 0.96666667 | F10: 0.93333333 | G10: 0.95833333 | H10: 0.9 | I10: 0.94444444 | J10: 0.97 | K10: 0.95833333 | L10: 0.94444444 | M10: =AVERAGE(D10,F10) -> 0.95 | N10: =AVERAGE(D10,F10,H10) -> 0.93333333 | O10: =AVERAGE(J10,K10,L10) -> 0.95759259
C11: Hellinger | D11: 0.96666667 | E11: 0.96666667 | F11: 0.96666667 | G11: 0.98333333 | H11: 0.9 | I11: 0.93611111 | J11: 0.96888889 | K11: 0.98333333 | L11: 0.93611111 | M11: =AVERAGE(D11,F11) -> 0.96666667 | N11: =AVERAGE(D11,F11,H11) -> 0.94444444 | O11: =AVERAGE(J11,K11,L11) -> 0.96277778
B12: 12% | C12: Chi-square | D12: 0.93333333 | E12: 0.95833333 | F12: 0.96666667 | G12: 0.97777778 | H12: 0.96666667 | I12: 0.98333333 | J12: 0.95833333 | K12: 0.97777778 | L12: 0.98333333 | M12: =AVERAGE(D12,F12) -> 0.95 | N12: =AVERAGE(D12,F12,H12) -> 0.95555556 | O12: =AVERAGE(J12,K12,L12) -> 0.97314815
C13: Hellinger | D13: 0.93333333 | E13: 0.95666667 | F13: 0.96666667 | G13: 0.98333333 | H13: 0.93333333 | I13: 0.96666667 | J13: 0.95666667 | K13: 0.98333333 | L13: 0.96666667 | M13: =AVERAGE(D13,F13) -> 0.95 | N13: =AVERAGE(D13,F13,H13) -> 0.94444444 | O13: =AVERAGE(J13,K13,L13) -> 0.96888889
A14: HSV 3D 4 (4×4×4) (uniform), 5×5 blocks | B14: 0% | C14: Chi-square | D14: 0.96666667 | E14: 0.975 | F14: 1 | G14: 1 | H14: 0.86666667 | I14: 0.88444444 | J14: 0.975 | K14: 1 | L14: 0.89396825 | M14: =AVERAGE(D14,F14) -> 0.98333333 | N14: =AVERAGE(D14,F14,H14) -> 0.94444444 | O14: =AVERAGE(J14,K14,L14) -> 0.95632275
C15: Hellinger | D15: 0.96666667 | E15: 0.97333333 | F15: 1 | G15: 1 | H15: 0.83333333 | I15: 0.87888889 | J15: 0.97333333 | K15: 1 | L15: 0.88259259 | M15: =AVERAGE(D15,F15) -> 0.98333333 | N15: =AVERAGE(D15,F15,H15) -> 0.93333333 | O15: =AVERAGE(J15,K15,L15) -> 0.95197531
B16: 3% | C16: Chi-square | D16: 0.96666667 | E16: 0.96666667 | F16: 1 | G16: 1 | H16: 0.9 | I16: 0.92777778 | J16: 0.97142857 | K16: 1 | L16: 0.93055556 | M16: =AVERAGE(D16,F16) -> 0.98333333 | N16: =AVERAGE(D16,F16,H16) -> 0.95555556 | O16: =AVERAGE(J16,K16,L16) -> 0.96732804
C17: Hellinger | D17: 0.96666667 | E17: 0.96666667 | F17: 1 | G17: 1 | H17: 0.9 | I17: 0.91944444 | J17: 0.97083333 | K17: 1 | L17: 0.92277778 | M17: =AVERAGE(D17,F17) -> 0.98333333 | N17: =AVERAGE(D17,F17,H17) -> 0.95555556 | O17: =AVERAGE(J17,K17,L17) -> 0.96453704
B18: 5% | C18: Chi-square | D18: 0.96666667 | E18: 0.96666667 | F18: 1 | G18: 1 | H18: 0.93333333 | I18: 0.95 | J18: 0.96969697 | K18: 1 | L18: 0.95555556 | M18: =AVERAGE(D18,F18) -> 0.98333333 | N18: =AVERAGE(D18,F18,H18) -> 0.96666667 | O18: =AVERAGE(J18,K18,L18) -> 0.97508418
C19: Hellinger | D19: 0.96666667 | E19: 0.96666667 | F19: 1 | G19: 1 | H19: 0.9 | I19: 0.94444444 | J19: 0.97 | K19: 1 | L19: 0.94444444 | M19: =AVERAGE(D19,F19) -> 0.98333333 | N19: =AVERAGE(D19,F19,H19) -> 0.95555556 | O19: =AVERAGE(J19,K19,L19) -> 0.97148148
B20: 8% | C20: Chi-square | D20: 0.9 | E20: 0.93333333 | F20: 0.96666667 | G20: 0.98333333 | H20: 0.93333333 | I20: 0.95555556 | J20: 0.93611111 | K20: 0.98333333 | L20: 0.95555556 | M20: =AVERAGE(D20,F20) -> 0.93333333 | N20: =AVERAGE(D20,F20,H20) -> 0.93333333 | O20: =AVERAGE(J20,K20,L20) -> 0.95833333
C21: Hellinger | D21: 0.9 | E21: 0.93333333 | F21: 1 | G21: 1 | H21: 0.9 | I21: 0.94444444 | J21: 0.93666667 | K21: 1 | L21: 0.94444444 | M21: =AVERAGE(D21,F21) -> 0.95 | N21: =AVERAGE(D21,F21,H21) -> 0.93333333 | O21: =AVERAGE(J21,K21,L21) -> 0.96037037
B22: 12% | C22: Chi-square | D22: 0.9 | E22: 0.92333333 | F22: 0.96666667 | G22: 0.98333333 | H22: 0.93333333 | I22: 0.95277778 | J22: 0.92888889 | K22: 0.98333333 | L22: 0.95277778 | M22: =AVERAGE(D22,F22) -> 0.93333333 | N22: =AVERAGE(D22,F22,H22) -> 0.93333333 | O22: =AVERAGE(J22,K22,L22) -> 0.955
C23: Hellinger | D23: 0.9 | E23: 0.92333333 | F23: 1 | G23: 1 | H23: 0.93333333 | I23: 0.96111111 | J23: 0.9275 | K23: 1 | L23: 0.96111111 | M23: =AVERAGE(D23,F23) -> 0.95 | N23: =AVERAGE(D23,F23,H23) -> 0.94444444 | O23: =AVERAGE(J23,K23,L23) -> 0.96287037
A24: HSV 3D 8×6×6 (uniform), 5×5 blocks | B24: 0% | C24: Chi-square | D24: 0.96666667 | E24: 0.96666667 | F24: 1 | G24: 1 | H24: 0.86666667 | I24: 0.90666667 | J24: 0.97222222 | K24: 1 | L24: 0.91222222 | M24: =AVERAGE(D24,F24) -> 0.98333333 | N24: =AVERAGE(D24,F24,H24) -> 0.94444444 | O24: =AVERAGE(J24,K24,L24) -> 0.96148148
C25: Hellinger | D25: 0.96666667 | E25: 0.96666667 | F25: 0.96666667 | G25: 0.97777778 | H25: 0.93333333 | I25: 0.94166667 | J25: 0.97083333 | K25: 0.97777778 | L25: 0.94642857 | M25: =AVERAGE(D25,F25) -> 0.96666667 | N25: =AVERAGE(D25,F25,H25) -> 0.95555556 | O25: =AVERAGE(J25,K25,L25) -> 0.96501323
B26: 3% | C26: Chi-square | D26: 0.96666667 | E26: 0.96666667 | F26: 1 | G26: 1 | H26: 0.93333333 | I26: 0.96666667 | J26: 0.97037037 | K26: 1 | L26: 0.96666667 | M26: =AVERAGE(D26,F26) -> 0.98333333 | N26: =AVERAGE(D26,F26,H26) -> 0.96666667 | O26: =AVERAGE(J26,K26,L26) -> 0.97901235
C27: Hellinger | D27: 0.96666667 | E27: 0.96666667 | F27: 1 | G27: 1 | H27: 0.9 | I27: 0.95 | J27: 0.96923077 | K27: 1 | L27: 0.95 | M27: =AVERAGE(D27,F27) -> 0.98333333 | N27: =AVERAGE(D27,F27,H27) -> 0.95555556 | O27: =AVERAGE(J27,K27,L27) -> 0.97307692
B28: 5% | C28: Chi-square | D28: 0.96666667 | E28: 0.96666667 | F28: 1 | G28: 1 | H28: 0.93333333 | I28: 0.95833333 | J28: 0.96875 | K28: 1 | L28: 0.95833333 | M28: =AVERAGE(D28,F28) -> 0.98333333 | N28: =AVERAGE(D28,F28,H28) -> 0.96666667 | O28: =AVERAGE(J28,K28,L28) -> 0.97569444
C29: Hellinger | D29: 0.96666667 | E29: 0.96666667 | F29: 1 | G29: 1 | H29: 0.93333333 | I29: 0.96111111 | J29: 0.96825397 | K29: 1 | L29: 0.96111111 | M29: =AVERAGE(D29,F29) -> 0.98333333 | N29: =AVERAGE(D29,F29,H29) -> 0.96666667 | O29: =AVERAGE(J29,K29,L29) -> 0.97645503
B30: 8% | C30: Chi-square | D30: 0.9 | E30: 0.92777778 | F30: 0.96666667 | G30: 0.98333333 | H30: 0.96666667 | I30: 0.97777778 | J30: 0.92973856 | K30: 0.98333333 | L30: 0.97777778 | M30: =AVERAGE(D30,F30) -> 0.93333333 | N30: =AVERAGE(D30,F30,H30) -> 0.94444444 | O30: =AVERAGE(J30,K30,L30) -> 0.96361656
C31: Hellinger | D31: 0.93333333 | E31: 0.95 | F31: 0.96666667 | G31: 0.98333333 | H31: 0.96666667 | I31: 0.97777778 | J31: 0.95144928 | K31: 0.98333333 | L31: 0.97777778 | M31: =AVERAGE(D31,F31) -> 0.95 | N31: =AVERAGE(D31,F31,H31) -> 0.95555556 | O31: =AVERAGE(J31,K31,L31) -> 0.97085346
B32: 12% | C32: Chi-square | D32: 0.9 | E32: 0.93333333 | F32: 0.93333333 | G32: 0.95 | H32: 0.9 | I32: 0.93333333 | J32: 0.93666667 | K32: 0.95555556 | L32: 0.93333333 | M32: =AVERAGE(D32,F32) -> 0.91666667 | N32: =AVERAGE(D32,F32,H32) -> 0.91111111 | O32: =AVERAGE(J32,K32,L32) -> 0.94185185
C33: Hellinger | D33: 0.9 | E33: 0.92777778 | F33: 0.9 | G33: 0.94166667 | H33: 0.9 | I33: 0.93611111 | J33: 0.93055556 | K33: 0.94166667 | L33: 0.93611111 | M33: =AVERAGE(D33,F33) -> 0.9 | N33: =AVERAGE(D33,F33,H33) -> 0.9 | O33: =AVERAGE(J33,K33,L33) -> 0.93611111
A34: HSV 3D 8×6×6 (uniform), pyramid 1×1 + 2×2 + 4×4 + 8×8 | B34: 0% | C34: Chi-square | D34: 0.96666667 | E34: 0.96666667 | F34: 1 | G34: 1 | H34: 0.9 | I34: 0.92333333 | J34: 0.97222222 | K34: 1 | L34: 0.92888889 | M34: =AVERAGE(D34,F34) -> 0.98333333 | N34: =AVERAGE(D34,F34,H34) -> 0.95555556 | O34: =AVERAGE(J34,K34,L34) -> 0.96703704
C35: Hellinger | D35: 0.96666667 | E35: 0.96666667 | F35: 1 | G35: 1 | H35: 0.9 | I35: 0.91666667 | J35: 0.97222222 | K35: 1 | L35: 0.92083333 | M35: =AVERAGE(D35,F35) -> 0.98333333 | N35: =AVERAGE(D35,F35,H35) -> 0.95555556 | O35: =AVERAGE(J35,K35,L35) -> 0.96435185
B36: 3% | C36: Chi-square | D36: 0.96666667 | E36: 0.96666667 | F36: 1 | G36: 1 | H36: 0.93333333 | I36: 0.95 | J36: 0.97037037 | K36: 1 | L36: 0.9547619 | M36: =AVERAGE(D36,F36) -> 0.98333333 | N36: =AVERAGE(D36,F36,H36) -> 0.96666667 | O36: =AVERAGE(J36,K36,L36) -> 0.97504409
C37: Hellinger | D37: 0.96666667 | E37: 0.96666667 | F37: 1 | G37: 1 | H37: 0.93333333 | I37: 0.95 | J37: 0.96969697 | K37: 1 | L37: 0.95555556 | M37: =AVERAGE(D37,F37) -> 0.98333333 | N37: =AVERAGE(D37,F37,H37) -> 0.96666667 | O37: =AVERAGE(J37,K37,L37) -> 0.97508418
B38: 5% | C38: Chi-square | D38: 0.96666667 | E38: 0.96666667 | F38: 1 | G38: 1 | H38: 0.9 | I38: 0.91944444 | J38: 0.96904762 | K38: 1 | L38: 0.92420635 | M38: =AVERAGE(D38,F38) -> 0.98333333 | N38: =AVERAGE(D38,F38,H38) -> 0.95555556 | O38: =AVERAGE(J38,K38,L38) -> 0.96441799
C39: Hellinger | D39: 0.96666667 | E39: 0.96666667 | F39: 1 | G39: 1 | H39: 0.9 | I39: 0.93611111 | J39: 0.96875 | K39: 1 | L39: 0.93611111 | M39: =AVERAGE(D39,F39) -> 0.98333333 | N39: =AVERAGE(D39,F39,H39) -> 0.95555556 | O39: =AVERAGE(J39,K39,L39) -> 0.96828704
B40: 8% | C40: Chi-square | D40: 0.9 | E40: 0.92777778 | F40: 0.96666667 | G40: 0.98333333 | H40: 0.93333333 | I40: 0.95555556 | J40: 0.92953216 | K40: 0.98333333 | L40: 0.95555556 | M40: =AVERAGE(D40,F40) -> 0.93333333 | N40: =AVERAGE(D40,F40,H40) -> 0.93333333 | O40: =AVERAGE(J40,K40,L40) -> 0.95614035
C41: Hellinger | D41: 0.93333333 | E41: 0.95 | F41: 0.93333333 | G41: 0.96666667 | H41: 0.9 | I41: 0.93055556 | J41: 0.9515873 | K41: 0.96666667 | L41: 0.93055556 | M41: =AVERAGE(D41,F41) -> 0.93333333 | N41: =AVERAGE(D41,F41,H41) -> 0.92222222 | O41: =AVERAGE(J41,K41,L41) -> 0.94960317
B42: 12% | C42: Chi-square | D42: 0.9 | E42: 0.92777778 | F42: 0.96666667 | G42: 0.97333333 | H42: 0.93333333 | I42: 0.94833333 | J42: 0.93333333 | K42: 0.97333333 | L42: 0.94833333 | M42: =AVERAGE(D42,F42) -> 0.93333333 | N42: =AVERAGE(D42,F42,H42) -> 0.93333333 | O42: =AVERAGE(J42,K42,L42) -> 0.95166667
C43: Hellinger | D43: 0.93333333 | E43: 0.95 | F43: 0.93333333 | G43: 0.96111111 | H43: 0.93333333 | I43: 0.95 | J43: 0.95333333 | K43: 0.96111111 | L43: 0.95555556 | M43: =AVERAGE(D43,F43) -> 0.93333333 | N43: =AVERAGE(D43,F43,H43) -> 0.93333333 | O43: =AVERAGE(J43,K43,L43) -> 0.95666667
A44: Lab 3D 8×16×16 (range-adapted), 6×6 blocks | B44: 0% | C44: Chi-square | D44: 0.96666667 | E44: 0.96666667 | F44: 0.93333333 | G44: 0.96666667 | H44: 0.9 | I44: 0.9 | J44: 0.97037037 | K44: 0.96666667 | L44: 0.91179894 | M44: =AVERAGE(D44,F44) -> 0.95 | N44: =AVERAGE(D44,F44,H44) -> 0.93333333 | O44: =AVERAGE(J44,K44,L44) -> 0.94961199
C45: Hellinger | D45: 0.96666667 | E45: 0.96666667 | F45: 0.96666667 | G45: 0.98333333 | H45: 0.9 | I45: 0.90666667 | J45: 0.97 | K45: 0.98333333 | L45: 0.9130303 | M45: =AVERAGE(D45,F45) -> 0.96666667 | N45: =AVERAGE(D45,F45,H45) -> 0.94444444 | O45: =AVERAGE(J45,K45,L45) -> 0.95545455
B46: 3% | C46: Chi-square | D46: 0.96666667 | E46: 0.97777778 | F46: 0.93333333 | G46: 0.96666667 | H46: 0.86666667 | I46: 0.9 | J46: 0.97777778 | K46: 0.96666667 | L46: 0.90722222 | M46: =AVERAGE(D46,F46) -> 0.95 | N46: =AVERAGE(D46,F46,H46) -> 0.92222222 | O46: =AVERAGE(J46,K46,L46) -> 0.95055556
C47: Hellinger | D47: 0.96666667 | E47: 0.97777778 | F47: 0.96666667 | G47: 0.98333333 | H47: 0.86666667 | I47: 0.90833333 | J47: 0.97777778 | K47: 0.98333333 | L47: 0.91018519 | M47: =AVERAGE(D47,F47) -> 0.96666667 | N47: =AVERAGE(D47,F47,H47) -> 0.93333333 | O47: =AVERAGE(J47,K47,L47) -> 0.95709877
B48: 5% | C48: Chi-square | D48: 0.96666667 | E48: 0.96666667 | F48: 0.96666667 | G48: 0.98333333 | H48: 0.86666667 | I48: 0.91666667 | J48: 0.97222222 | K48: 0.98333333 | L48: 0.91862745 | M48: =AVERAGE(D48,F48) -> 0.96666667 | N48: =AVERAGE(D48,F48,H48) -> 0.93333333 | O48: =AVERAGE(J48,K48,L48) -> 0.958061
C49: Hellinger | D49: 0.96666667 | E49: 0.96666667 | F49: 1 | G49: 1 | H49: 0.93333333 | I49: 0.95 | J49: 0.97142857 | K49: 1 | L49: 0.95196078 | M49: =AVERAGE(D49,F49) -> 0.98333333 | N49: =AVERAGE(D49,F49,H49) -> 0.96666667 | O49: =AVERAGE(J49,K49,L49) -> 0.97446312
B50: 8% | C50: Chi-square | D50: 0.93333333 | E50: 0.95833333 | F50: 0.93333333 | G50: 0.96666667 | H50: 0.9 | I50: 0.92777778 | J50: 0.95833333 | K50: 0.96666667 | L50: 0.92962963 | M50: =AVERAGE(D50,F50) -> 0.93333333 | N50: =AVERAGE(D50,F50,H50) -> 0.92222222 | O50: =AVERAGE(J50,K50,L50) -> 0.95154321
C51: Hellinger | D51: 0.9 | E51: 0.93333333 | F51: 1 | G51: 1 | H51: 0.93333333 | I51: 0.95 | J51: 0.93809524 | K51: 1 | L51: 0.95175439 | M51: =AVERAGE(D51,F51) -> 0.95 | N51: =AVERAGE(D51,F51,H51) -> 0.94444444 | O51: =AVERAGE(J51,K51,L51) -> 0.96328321
B52: 12% | C52: Chi-square | D52: 0.9 | E52: 0.93333333 | F52: 0.96666667 | G52: 0.96666667 | H52: 0.9 | I52: 0.93333333 | J52: 0.93888889 | K52: 0.97 | L52: 0.93589744 | M52: =AVERAGE(D52,F52) -> 0.93333333 | N52: =AVERAGE(D52,F52,H52) -> 0.92222222 | O52: =AVERAGE(J52,K52,L52) -> 0.94826211
C53: Hellinger | D53: 0.9 | E53: 0.93333333 | F53: 0.96666667 | G53: 0.96666667 | H53: 0.9 | I53: 0.92777778 | J53: 0.93809524 | K53: 0.97142857 | L53: 0.93333333 | M53: =AVERAGE(D53,F53) -> 0.93333333 | N53: =AVERAGE(D53,F53,H53) -> 0.92222222 | O53: =AVERAGE(J53,K53,L53) -> 0.94761905
A54: Lab 3D 8×16×16 (range-adapted), pyramid 1×1 + 2×2 + 4×4 + 8×8 | B54: 0% | C54: Chi-square | D54: 0.96666667 | E54: 0.96666667 | F54: 1 | G54: 1 | H54: 0.86666667 | I54: 0.89444444 | J54: 0.97142857 | K54: 1 | L54: 0.90111111 | M54: =AVERAGE(D54,F54) -> 0.98333333 | N54: =AVERAGE(D54,F54,H54) -> 0.94444444 | O54: =AVERAGE(J54,K54,L54) -> 0.95751323
C55: Hellinger | D55: 0.96666667 | E55: 0.96666667 | F55: 0.96666667 | G55: 0.98333333 | H55: 0.86666667 | I55: 0.9 | J55: 0.97 | K55: 0.98333333 | L55: 0.90580808 | M55: =AVERAGE(D55,F55) -> 0.96666667 | N55: =AVERAGE(D55,F55,H55) -> 0.93333333 | O55: =AVERAGE(J55,K55,L55) -> 0.95304714
B56: 3% | C56: Chi-square | D56: 0.96666667 | E56: 0.97777778 | F56: 0.93333333 | G56: 0.96666667 | H56: 0.86666667 | I56: 0.90666667 | J56: 0.97777778 | K56: 0.96666667 | L56: 0.90825397 | M56: =AVERAGE(D56,F56) -> 0.95 | N56: =AVERAGE(D56,F56,H56) -> 0.92222222 | O56: =AVERAGE(J56,K56,L56) -> 0.95089947
C57: Hellinger | D57: 0.96666667 | E57: 0.97777778 | F57: 0.96666667 | G57: 0.98333333 | H57: 0.9 | I57: 0.92777778 | J57: 0.97777778 | K57: 0.98333333 | L57: 0.92936508 | M57: =AVERAGE(D57,F57) -> 0.96666667 | N57: =AVERAGE(D57,F57,H57) -> 0.94444444 | O57: =AVERAGE(J57,K57,L57) -> 0.96349206
B58: 5% | C58: Chi-square | D58: 0.96666667 | E58: 0.975 | F58: 0.93333333 | G58: 0.96666667 | H58: 0.9 | I58: 0.93333333 | J58: 0.975 | K58: 0.96666667 | L58: 0.93434343 | M58: =AVERAGE(D58,F58) -> 0.95 | N58: =AVERAGE(D58,F58,H58) -> 0.93333333 | O58: =AVERAGE(J58,K58,L58) -> 0.95867003
C59: Hellinger | D59: 0.96666667 | E59: 0.96666667 | F59: 0.96666667 | G59: 0.98333333 | H59: 0.93333333 | I59: 0.95 | J59: 0.97222222 | K59: 0.98333333 | L59: 0.95111111 | M59: =AVERAGE(D59,F59) -> 0.96666667 | N59: =AVERAGE(D59,F59,H59) -> 0.95555556 | O59: =AVERAGE(J59,K59,L59) -> 0.96888889
B60: 8% | C60: Chi-square | D60: 0.9 | E60: 0.94166667 | F60: 0.93333333 | G60: 0.96666667 | H60: 0.9 | I60: 0.92777778 | J60: 0.94166667 | K60: 0.96666667 | L60: 0.92861111 | M60: =AVERAGE(D60,F60) -> 0.91666667 | N60: =AVERAGE(D60,F60,H60) -> 0.91111111 | O60: =AVERAGE(J60,K60,L60) -> 0.94564815
C61: Hellinger | D61: 0.9 | E61: 0.94 | F61: 1 | G61: 1 | H61: 0.9 | I61: 0.93333333 | J61: 0.94 | K61: 1 | L61: 0.93412698 | M61: =AVERAGE(D61,F61) -> 0.95 | N61: =AVERAGE(D61,F61,H61) -> 0.93333333 | O61: =AVERAGE(J61,K61,L61) -> 0.95804233
B62: 12% | C62: Chi-square | D62: 0.9 | E62: 0.94166667 | F62: 0.96666667 | G62: 0.96666667 | H62: 0.93333333 | I62: 0.93333333 | J62: 0.94166667 | K62: 0.96904762 | L62: 0.93858586 | M62: =AVERAGE(D62,F62) -> 0.93333333 | N62: =AVERAGE(D62,F62,H62) -> 0.93333333 | O62: =AVERAGE(J62,K62,L62) -> 0.94976671
C63: Hellinger | D63: 0.93333333 | E63: 0.95 | F63: 0.96666667 | G63: 0.96666667 | H63: 0.93333333 | I63: 0.93333333 | J63: 0.95555556 | K63: 0.97142857 | L63: 0.94191919 | M63: =AVERAGE(D63,F63) -> 0.95 | N63: =AVERAGE(D63,F63,H63) -> 0.94444444 | O63: =AVERAGE(J63,K63,L63) -> 0.95630111
A64: YCrCb 3D 6×12×12 (range-adapted), 3×3 blocks | B64: 0% | C64: Chi-square | D64: 0.96666667 | E64: 0.96666667 | F64: 1 | G64: 1 | H64: 0.83333333 | I64: 0.86666667 | J64: 0.97083333 | K64: 1 | L64: 0.87617284 | M64: =AVERAGE(D64,F64) -> 0.98333333 | N64: =AVERAGE(D64,F64,H64) -> 0.93333333 | O64: =AVERAGE(J64,K64,L64) -> 0.94900206
C65: Hellinger | D65: 0.96666667 | E65: 0.96666667 | F65: 1 | G65: 1 | H65: 0.86666667 | I65: 0.89444444 | J65: 0.97037037 | K65: 1 | L65: 0.89826389 | M65: =AVERAGE(D65,F65) -> 0.98333333 | N65: =AVERAGE(D65,F65,H65) -> 0.94444444 | O65: =AVERAGE(J65,K65,L65) -> 0.95621142
B66: 3% | C66: Chi-square | D66: 0.96666667 | E66: 0.96666667 | F66: 0.96666667 | G66: 0.98333333 | H66: 0.9 | I66: 0.94444444 | J66: 0.97 | K66: 0.98333333 | L66: 0.94444444 | M66: =AVERAGE(D66,F66) -> 0.96666667 | N66: =AVERAGE(D66,F66,H66) -> 0.94444444 | O66: =AVERAGE(J66,K66,L66) -> 0.96592593
C67: Hellinger | D67: 0.96666667 | E67: 0.96666667 | F67: 0.96666667 | G67: 0.98333333 | H67: 0.9 | I67: 0.94444444 | J67: 0.96969697 | K67: 0.98333333 | L67: 0.94444444 | M67: =AVERAGE(D67,F67) -> 0.96666667 | N67: =AVERAGE(D67,F67,H67) -> 0.94444444 | O67: =AVERAGE(J67,K67,L67) -> 0.96582492
B68: 5% | C68: Chi-square | D68: 0.96666667 | E68: 0.96666667 | F68: 0.96666667 | G68: 0.98333333 | H68: 0.93333333 | I68: 0.96666667 | J68: 0.96888889 | K68: 0.98333333 | L68: 0.96666667 | M68: =AVERAGE(D68,F68) -> 0.96666667 | N68: =AVERAGE(D68,F68,H68) -> 0.95555556 | O68: =AVERAGE(J68,K68,L68) -> 0.97296296
C69: Hellinger | D69: 0.96666667 | E69: 0.96666667 | F69: 0.96666667 | G69: 0.98333333 | H69: 0.96666667 | I69: 0.98333333 | J69: 0.96923077 | K69: 0.98333333 | L69: 0.98333333 | M69: =AVERAGE(D69,F69) -> 0.96666667 | N69: =AVERAGE(D69,F69,H69) -> 0.96666667 | O69: =AVERAGE(J69,K69,L69) -> 0.97863248
B70: 8% | C70: Chi-square | D70: 0.93333333 | E70: 0.94166667 | F70: 0.96666667 | G70: 0.97777778 | H70: 0.96666667 | I70: 0.97777778 | J70: 0.94423077 | K70: 0.97777778 | L70: 0.97777778 | M70: =AVERAGE(D70,F70) -> 0.95 | N70: =AVERAGE(D70,F70,H70) -> 0.95555556 | O70: =AVERAGE(J70,K70,L70) -> 0.96659544
C71: Hellinger | D71: 0.93333333 | E71: 0.94444444 | F71: 1 | G71: 1 | H71: 1 | I71: 1 | J71: 0.9468254 | K71: 1 | L71: 1 | M71: =AVERAGE(D71,F71) -> 0.96666667 | N71: =AVERAGE(D71,F71,H71) -> 0.97777778 | O71: =AVERAGE(J71,K71,L71) -> 0.98227513
B72: 12% | C72: Chi-square | D72: 0.93333333 | E72: 0.93333333 | F72: 0.93333333 | G72: 0.95 | H72: 0.9 | I72: 0.93333333 | J72: 0.94166667 | K72: 0.9537037 | L72: 0.93809524 | M72: =AVERAGE(D72,F72) -> 0.93333333 | N72: =AVERAGE(D72,F72,H72) -> 0.92222222 | O72: =AVERAGE(J72,K72,L72) -> 0.94448854
C73: Hellinger | D73: 0.9 | E73: 0.91666667 | F73: 0.96666667 | G73: 0.96666667 | H73: 0.9 | I73: 0.92777778 | J73: 0.925 | K73: 0.97142857 | L73: 0.93333333 | M73: =AVERAGE(D73,F73) -> 0.93333333 | N73: =AVERAGE(D73,F73,H73) -> 0.92222222 | O73: =AVERAGE(J73,K73,L73) -> 0.94325397
A74: YCrCb 3D 6×12×12 (range-adapted), 6×6 blocks | B74: 0% | C74: Chi-square | D74: 0.96666667 | E74: 0.96666667 | F74: 0.96666667 | G74: 0.98333333 | H74: 0.9 | I74: 0.91666667 | J74: 0.96923077 | K74: 0.98333333 | L74: 0.9217037 | M74: =AVERAGE(D74,F74) -> 0.96666667 | N74: =AVERAGE(D74,F74,H74) -> 0.94444444 | O74: =AVERAGE(J74,K74,L74) -> 0.95808927
C75: Hellinger | D75: 0.96666667 | E75: 0.96666667 | F75: 0.96666667 | G75: 0.98333333 | H75: 0.9 | I75: 0.91666667 | J75: 0.96904762 | K75: 0.98333333 | L75: 0.92121212 | M75: =AVERAGE(D75,F75) -> 0.96666667 | N75: =AVERAGE(D75,F75,H75) -> 0.94444444 | O75: =AVERAGE(J75,K75,L75) -> 0.95786436
B76: 3% | C76: Chi-square | D76: 0.96666667 | E76: 0.96666667 | F76: 0.96666667 | G76: 0.98333333 | H76: 0.96666667 | I76: 0.97777778 | J76: 0.96875 | K76: 0.98333333 | L76: 0.97777778 | M76: =AVERAGE(D76,F76) -> 0.96666667 | N76: =AVERAGE(D76,F76,H76) -> 0.96666667 | O76: =AVERAGE(J76,K76,L76) -> 0.97662037
C77: Hellinger | D77: 0.96666667 | E77: 0.96666667 | F77: 1 | G77: 1 | H77: 0.93333333 | I77: 0.95833333 | J77: 0.96875 | K77: 1 | L77: 0.95833333 | M77: =AVERAGE(D77,F77) -> 0.98333333 | N77: =AVERAGE(D77,F77,H77) -> 0.96666667 | O77: =AVERAGE(J77,K77,L77) -> 0.97569444
B78: 5% | C78: Chi-square | D78: 0.96666667 | E78: 0.96666667 | F78: 1 | G78: 1 | H78: 0.96666667 | I78: 0.97777778 | J78: 0.96833333 | K78: 1 | L78: 0.97777778 | M78: =AVERAGE(D78,F78) -> 0.98333333 | N78: =AVERAGE(D78,F78,H78) -> 0.97777778 | O78: =AVERAGE(J78,K78,L78) -> 0.98203704
C79: Hellinger | D79: 0.96666667 | E79: 0.96666667 | F79: 1 | G79: 1 | H79: 0.96666667 | I79: 0.97777778 | J79: 0.96851852 | K79: 1 | L79: 0.97777778 | M79: =AVERAGE(D79,F79) -> 0.98333333 | N79: =AVERAGE(D79,F79,H79) -> 0.97777778 | O79: =AVERAGE(J79,K79,L79) -> 0.98209877
B80: 8% | C80: Chi-square | D80: 0.93333333 | E80: 0.95 | F80: 0.93333333 | G80: 0.95833333 | H80: 0.93333333 | I80: 0.96111111 | J80: 0.95196078 | K80: 0.95833333 | L80: 0.96111111 | M80: =AVERAGE(D80,F80) -> 0.93333333 | N80: =AVERAGE(D80,F80,H80) -> 0.93333333 | O80: =AVERAGE(J80,K80,L80) -> 0.95713508
C81: Hellinger | D81: 0.93333333 | E81: 0.95 | F81: 0.96666667 | G81: 0.97777778 | H81: 0.93333333 | I81: 0.96666667 | J81: 0.95208333 | K81: 0.97777778 | L81: 0.96666667 | M81: =AVERAGE(D81,F81) -> 0.95 | N81: =AVERAGE(D81,F81,H81) -> 0.94444444 | O81: =AVERAGE(J81,K81,L81) -> 0.96550926
B82: 12% | C82: Chi-square | D82: 0.96666667 | E82: 0.96666667 | F82: 0.9 | G82: 0.94444444 | H82: 0.9 | I82: 0.94166667 | J82: 0.96923077 | K82: 0.94444444 | L82: 0.94166667 | M82: =AVERAGE(D82,F82) -> 0.93333333 | N82: =AVERAGE(D82,F82,H82) -> 0.92222222 | O82: =AVERAGE(J82,K82,L82) -> 0.95178063
C83: Hellinger | D83: 0.93333333 | E83: 0.94166667 | F83: 1 | G83: 1 | H83: 0.93333333 | I83: 0.96666667 | J83: 0.94362745 | K83: 1 | L83: 0.96666667 | M83: =AVERAGE(D83,F83) -> 0.96666667 | N83: =AVERAGE(D83,F83,H83) -> 0.95555556 | O83: =AVERAGE(J83,K83,L83) -> 0.97009804
A84: YCrCb 3D 6×12×12 (range-adapted), pyramid 1×1 + 2×2 + 4×4 + 8×8 | B84: 0% | C84: Chi-square | D84: 0.96666667 | E84: 0.96666667 | F84: 1 | G84: 1 | H84: 0.83333333 | I84: 0.88333333 | J84: 0.97037037 | K84: 1 | L84: 0.88785714 | M84: =AVERAGE(D84,F84) -> 0.98333333 | N84: =AVERAGE(D84,F84,H84) -> 0.93333333 | O84: =AVERAGE(J84,K84,L84) -> 0.9527425
C85: Hellinger | D85: 0.96666667 | E85: 0.96666667 | F85: 1 | G85: 1 | H85: 0.86666667 | I85: 0.9 | J85: 0.97 | K85: 1 | L85: 0.90436508 | M85: =AVERAGE(D85,F85) -> 0.98333333 | N85: =AVERAGE(D85,F85,H85) -> 0.94444444 | O85: =AVERAGE(J85,K85,L85) -> 0.95812169
B86: 3% | C86: Chi-square | D86: 0.96666667 | E86: 0.96666667 | F86: 1 | G86: 1 | H86: 0.96666667 | I86: 0.98333333 | J86: 0.96944444 | K86: 1 | L86: 0.98333333 | M86: =AVERAGE(D86,F86) -> 0.98333333 | N86: =AVERAGE(D86,F86,H86) -> 0.97777778 | O86: =AVERAGE(J86,K86,L86) -> 0.98425926
C87: Hellinger | D87: 0.96666667 | E87: 0.96666667 | F87: 1 | G87: 1 | H87: 0.96666667 | I87: 0.97777778 | J87: 0.96944444 | K87: 1 | L87: 0.97777778 | M87: =AVERAGE(D87,F87) -> 0.98333333 | N87: =AVERAGE(D87,F87,H87) -> 0.97777778 | O87: =AVERAGE(J87,K87,L87) -> 0.98240741
B88: 5% | C88: Chi-square | D88: 0.96666667 | E88: 0.96666667 | F88: 1 | G88: 1 | H88: 0.96666667 | I88: 0.98333333 | J88: 0.96875 | K88: 1 | L88: 0.98333333 | M88: =AVERAGE(D88,F88) -> 0.98333333 | N88: =AVERAGE(D88,F88,H88) -> 0.97777778 | O88: =AVERAGE(J88,K88,L88) -> 0.98402778
C89: Hellinger | D89: 0.96666667 | E89: 0.96666667 | F89: 1 | G89: 1 | H89: 0.96666667 | I89: 0.98333333 | J89: 0.96875 | K89: 1 | L89: 0.98333333 | M89: =AVERAGE(D89,F89) -> 0.98333333 | N89: =AVERAGE(D89,F89,H89) -> 0.97777778 | O89: =AVERAGE(J89,K89,L89) -> 0.98402778
B90: 8% | C90: Chi-square | D90: 0.93333333 | E90: 0.95 | F90: 0.96666667 | G90: 0.98333333 | H90: 0.93333333 | I90: 0.96666667 | J90: 0.95208333 | K90: 0.98333333 | L90: 0.96666667 | M90: =AVERAGE(D90,F90) -> 0.95 | N90: =AVERAGE(D90,F90,H90) -> 0.94444444 | O90: =AVERAGE(J90,K90,L90) -> 0.96736111
C91: Hellinger | D91: 0.93333333 | E91: 0.95 | F91: 1 | G91: 1 | H91: 1 | I91: 1 | J91: 0.95222222 | K91: 1 | L91: 1 | M91: =AVERAGE(D91,F91) -> 0.96666667 | N91: =AVERAGE(D91,F91,H91) -> 0.97777778 | O91: =AVERAGE(J91,K91,L91) -> 0.98407407
B92: 12% | C92: Chi-square | D92: 0.93333333 | E92: 0.94166667 | F92: 0.93333333 | G92: 0.95 | H92: 0.9 | I92: 0.94166667 | J92: 0.94423077 | K92: 0.95555556 | L92: 0.94166667 | M92: =AVERAGE(D92,F92) -> 0.93333333 | N92: =AVERAGE(D92,F92,H92) -> 0.92222222 | O92: =AVERAGE(J92,K92,L92) -> 0.947151
C93: Hellinger | D93: 0.93333333 | E93: 0.94166667 | F93: 0.96666667 | G93: 0.97333333 | H93: 0.93333333 | I93: 0.96666667 | J93: 0.94444444 | K93: 0.97333333 | L93: 0.96666667 | M93: =AVERAGE(D93,F93) -> 0.95 | N93: =AVERAGE(D93,F93,H93) -> 0.94444444 | O93: =AVERAGE(J93,K93,L93) -> 0.96148148

Sheet 7. BG removal (T3-T4)
A1: Task 3–4: background models (mean precision / recall / F1 over the 30 QSD2 images)
A2: Notebook §5.1. Only colour is used to decide; post-processing is morphology on the binary mask (largest component, hole filling, row/column filling).
A3: Method | B3: Variant | C3: Worst image | D3: Precision | E3: Recall | F3: F1 | G3: F1 (worst image) | H3: Time (s / image)
A4: M1 – median border colour + fixed threshold | B4: T = 15 | C4: q29 | D4: 0.6917922 | E4: 0.99559708 | F4: 0.80804286 | G4: 0.57580997 | H4: 0.025289218
B5: T = 25 | C5: q29 | D5: 0.7904044 | E5: 0.97979417 | F5: 0.86375672 | G5: 0.65374672 | H5: 0.021092717
B6: T = 35 | C6: q29 | D6: 0.84175165 | E6: 0.91757615 | F6: 0.86578256 | G6: 0.18894336 | H6: 0.020349685
A7: M2 – Gaussian (Mahalanobis) + Otsu | B7: chosen method | C7: q20 | D7: 0.9534996 | E7: 0.96602679 | F7: 0.9559358 | G7: 0.65426667 | H7: 0.027987504
A8: M3 – GMM (3 components) | B8: 99th percentile of border likelihood | C8: q20 | D8: 0.892971 | E8: 0.98146108 | F8: 0.92991695 | G8: 0.65701764 | H8: 0.76937207
A10: Ablation of M2 (each step of the post-processing and each parameter)
A11: Notebook §5.2. Base: 4% border strip, 80% of the border pixels kept for the robust estimate.
A12: What is tested | B12: Step / variant | C12: Worst image | D12: Precision | E12: Recall | F12: F1 | G12: F1 (worst image)
A13: Post-processing (cumulative) | B13: no post-processing | C13: q20 | D13: 0.94044027 | E13: 0.89073991 | F13: 0.90979107 | G13: 0.54579384
B14: + morphology | C14: q20 | D14: 0.94082751 | E14: 0.92011521 | F14: 0.92613842 | G14: 0.61097172
B15: + largest component | C15: q29 | D15: 0.9443461 | E15: 0.91024248 | F15: 0.91859654 | G15: 0.3288069
B16: + fill holes | C16: q20 | D16: 0.95345258 | E16: 0.95908399 | F16: 0.95208338 | G16: 0.65360328
B17: + row/column fill (= M2) | C17: q20 | D17: 0.9534996 | E17: 0.96602679 | F17: 0.9559358 | G17: 0.65426667
A18: Border strip width | B18: border strip 2% | C18: q20 | D18: 0.9428624 | E18: 0.96676091 | F18: 0.94984118 | G18: 0.65598614
B19: border strip 6% | C19: q20 | D19: 0.95450431 | E19: 0.96669293 | F19: 0.95678199 | G19: 0.65284725
A20: Robust estimate (fraction kept) | B20: robust keep 70% | C20: q20 | D20: 0.94298095 | E20: 0.9670251 | F20: 0.95036194 | G20: 0.67688654
B21: robust keep 90% | C21: q20 | D21: 0.9577319 | E21: 0.9630757 | F21: 0.95629118 | G21: 0.63246192
B22: no robust estimate (100%) | C22: q20 | D22: 0.96038915 | E22: 0.95958175 | F22: 0.95537359 | G22: 0.60448878
A23: Shadow rule | B23: + shadow rule | C23: q20 | D23: 0.95906943 | E23: 0.95388498 | F23: 0.95213061 | G23: 0.6511719
A25: Extra variants tried during the exploration (not in the notebook)
A26: L var xK = brightness variance of the wall model multiplied by K; shadow k = darker pixels with wall chroma (Mahalanobis < k) are background; spatial = quadratic model of the wall colour vs (x, y); otsu*s = Otsu threshold scaled by s. None of them beats M2 consistently.
A27: Setting | B27: Variant | C27: Worst image | D27: Precision | E27: Recall | F27: F1 | G27: F1 (worst image)
A28: exploration (base: 70% kept) | B28: base | C28: q20 | D28: 0.94298095 | E28: 0.9670251 | F28: 0.95036194 | G28: 0.67688654
B29: L var x2 | C29: q20 | D29: 0.95810745 | E29: 0.96074308 | F29: 0.95510674 | G29: 0.63967372
B30: L var x4 | C30: q20 | D30: 0.95396191 | E30: 0.95482426 | F30: 0.94849161 | G30: 0.56965266
B31: L var x8 | C31: q20 | D31: 0.9488293 | E31: 0.95170126 | F31: 0.94233392 | G31: 0.50336304
B32: shadow k=2 | C32: q20 | D32: 0.92635352 | E32: 0.97231045 | F32: 0.94359351 | G32: 0.69708059
B33: shadow k=3 | C33: q25 | D33: 0.93502331 | E33: 0.95697491 | F33: 0.94070245 | G33: 0.69749676
B34: shadow k=4 | C34: q1 | D34: 0.93630347 | E34: 0.91653533 | F34: 0.91441461 | G34: 0.53648155
B35: spatial | C35: q20 | D35: 0.9063589 | E35: 0.97854734 | F35: 0.93560782 | G35: 0.64326411
B36: spatial+shadow3 | C36: q20 | D36: 0.91427487 | E36: 0.97497021 | F36: 0.93814386 | G36: 0.65902329
B37: border 0.02 | C37: q20 | D37: 0.92888323 | E37: 0.96928722 | F37: 0.94303607 | G37: 0.68408004
B38: border 0.06 | C38: q20 | D38: 0.9428841 | E38: 0.96697121 | F38: 0.95016019 | G38: 0.67307297
B39: border 0.1 | C39: q23 | D39: 0.94099092 | E39: 0.94842925 | F39: 0.93701818 | G39: 0.59599116
B40: keep 0.5 | C40: q20 | D40: 0.92039752 | E40: 0.97150004 | F40: 0.93894605 | G40: 0.71706493
... B66: Lx2 keep0.9 otsu*1.2 | C66: q20 | D66: 0.98608712 | E66: 0.9098012 | F66: 0.93307887 | G66: 0.24871842
A68: M2 per image (QSD2)
A69: Image | B69: Precision | C69: Recall | D69: F1
A70: q0 | B70: 0.85586695 | C70: 0.99922511 | D70: 0.9220068
A71: q1 | B71: 0.95510853 | C71: 0.99777255 | D71: 0.9759745
A72: q2 | B72: 0.99087693 | C72: 0.93293926 | D72: 0.96103567
A73: q3 | B73: 0.96863516 | C73: 0.99372584 | D73: 0.9810201
A74: q4 | B74: 0.88610603 | C74: 0.99524355 | D74: 0.93750924
A75: q5 | B75: 0.99099935 | C75: 0.99323984 | D75: 0.99211833
A76: q6 | B76: 0.99330008 | C76: 0.99871707 | D76: 0.99600121
A77: q7 | B77: 0.94803339 | C77: 0.99966517 | D77: 0.97316492
A78: q8 | B78: 0.94080533 | C78: 0.99889006 | D78: 0.96897801
A79: q9 | B79: 0.97865981 | C79: 0.87628354 | D79: 0.92464655
A80: q10 | B80: 0.93679708 | C80: 0.99395504 | D80: 0.96453001
A81: q11 | B81: 0.97986514 | C81: 0.99304311 | D81: 0.98641011
... A99: q29 | B99: 0.91751148 | C99: 1 | D99: 0.95698147
A100: Mean | B100: =AVERAGE(B70:B99) -> 0.9534996 | C100: =AVERAGE(C70:C99) -> 0.96602679 | D100: =AVERAGE(D70:D99) -> 0.9559358

Sheet 8. Discarded (normalisation)
A1: Discarded test: limiting the gain of the illumination normalisation (for very dark paintings like QSD1 q26)
A2: Exploration run (not in the notebook). Limiting the gain does not fix q26 and makes the other queries much worse; without normalisation the results collapse. The full normalisation is kept.
A3: Illumination normalisation | B3: Descriptor | C3: Similarity | D3: map@1 QSD1 | E3: map@5 QSD1 | F3: map@1 QSD2 (GT crop) | G3: map@5 QSD2 (GT crop) | H3: map@1 + BG_Removal (T5) | I3: map@5 + BG_Removal (T5) | J3: Mean map@1 (QSD1 + QSD2-GT) | K3: Mean map@1 (3 sets)
A4: full (mean 128, used) | B4: HSV 3D 4 (4×4×4), 5×5 blocks | C4: Chi-square | D4: 0.96666667 | E4: 0.975 | F4: 1 | G4: 1 | H4: 0.86666667 | I4: 0.88444444 | J4: =AVERAGE(D4,F4) -> 0.98333333 | K4: =AVERAGE(D4,F4,H4) -> 0.94444444
C5: Hellinger | D5: 0.96666667 | E5: 0.97333333 | F5: 1 | G5: 1 | H5: 0.83333333 | I5: 0.87888889 | J5: =AVERAGE(D5,F5) -> 0.98333333 | K5: =AVERAGE(D5,F5,H5) -> 0.93333333
B6: HSV 3D 12×8×8, 4×4 blocks | C6: Chi-square | D6: 0.96666667 | E6: 0.97333333 | F6: 1 | G6: 1 | H6: 0.9 | I6: 0.9 | J6: =AVERAGE(D6,F6) -> 0.98333333 | K6: =AVERAGE(D6,F6,H6) -> 0.95555556
C7: Hellinger | D7: 0.96666667 | E7: 0.96666667 | F7: 1 | G7: 1 | H7: 0.9 | I7: 0.9 | J7: =AVERAGE(D7,F7) -> 0.98333333 | K7: =AVERAGE(D7,F7,H7) -> 0.95555556
B8: YCrCb 3D 6×12×12, 3×3 blocks | C8: Chi-square | D8: 0.96666667 | E8: 0.96666667 | F8: 1 | G8: 1 | H8: 0.83333333 | I8: 0.86944444 | J8: =AVERAGE(D8,F8) -> 0.98333333 | K8: =AVERAGE(D8,F8,H8) -> 0.93333333
C9: Hellinger | D9: 0.96666667 | E9: 0.96666667 | F9: 1 | G9: 1 | H9: 0.83333333 | I9: 0.87777778 | J9: =AVERAGE(D9,F9) -> 0.98333333 | K9: =AVERAGE(D9,F9,H9) -> 0.93333333
B10: Lab 3D 8×16×16, 6×6 blocks | C10: Chi-square | D10: 0.96666667 | E10: 0.96666667 | F10: 0.96666667 | G10: 0.98333333 | H10: 0.86666667 | I10: 0.88333333 | J10: =AVERAGE(D10,F10) -> 0.96666667 | K10: =AVERAGE(D10,F10,H10) -> 0.93333333
C11: Hellinger | D11: 0.96666667 | E11: 0.96666667 | F11: 1 | G11: 1 | H11: 0.9 | I11: 0.90666667 | J11: =AVERAGE(D11,F11) -> 0.98333333 | K11: =AVERAGE(D11,F11,H11) -> 0.95555556
B12: HSV 3D 12×8×8, 1×1 blocks | C12: Chi-square | D12: 0.96666667 | E12: 0.97777778 | F12: 0.83333333 | G12: 0.88888889 | H12: 0.66666667 | I12: 0.74722222 | J12: =AVERAGE(D12,F12) -> 0.9 | K12: =AVERAGE(D12,F12,H12) -> 0.82222222
C13: Hellinger | D13: 1 | E13: 1 | F13: 0.83333333 | G13: 0.88055556 | H13: 0.66666667 | I13: 0.75777778 | J13: =AVERAGE(D13,F13) -> 0.91666667 | K13: =AVERAGE(D13,F13,H13) -> 0.83333333
A14: gain clipped to [1/4, 4] | B14: HSV 3D 4 (4×4×4), 5×5 blocks | C14: Chi-square | D14: 0.96666667 | E14: 0.96666667 | F14: 0.96666667 | G14: 0.975 | H14: 0.86666667 | I14: 0.88611111 | J14: =AVERAGE(D14,F14) -> 0.96666667 | K14: =AVERAGE(D14,F14,H14) -> 0.93333333
C15: Hellinger | D15: 0.96666667 | E15: 0.96666667 | F15: 0.93333333 | G15: 0.95833333 | H15: 0.8 | I15: 0.86222222 | J15: =AVERAGE(D15,F15) -> 0.95 | K15: =AVERAGE(D15,F15,H15) -> 0.9
B16: HSV 3D 12×8×8, 4×4 blocks | C16: Chi-square | D16: 0.96666667 | E16: 0.96666667 | F16: 0.93333333 | G16: 0.95833333 | H16: 0.86666667 | I16: 0.88333333 | J16: =AVERAGE(D16,F16) -> 0.95 | K16: =AVERAGE(D16,F16,H16) -> 0.92222222
C17: Hellinger | D17: 0.96666667 | E17: 0.96666667 | F17: 0.93333333 | G17: 0.95666667 | H17: 0.86666667 | I17: 0.88333333 | J17: =AVERAGE(D17,F17) -> 0.95 | K17: =AVERAGE(D17,F17,H17) -> 0.92222222
B18: YCrCb 3D 6×12×12, 3×3 blocks | C18: Chi-square | D18: 0.96666667 | E18: 0.96666667 | F18: 0.93333333 | G18: 0.95 | H18: 0.83333333 | I18: 0.86944444 | J18: =AVERAGE(D18,F18) -> 0.95 | K18: =AVERAGE(D18,F18,H18) -> 0.91111111
C19: Hellinger | D19: 0.96666667 | E19: 0.96666667 | F19: 0.86666667 | G19: 0.91666667 | H19: 0.83333333 | I19: 0.88333333 | J19: =AVERAGE(D19,F19) -> 0.91666667 | K19: =AVERAGE(D19,F19,H19) -> 0.88888889
B20: Lab 3D 8×16×16, 6×6 blocks | C20: Chi-square | D20: 0.96666667 | E20: 0.96666667 | F20: 0.96666667 | G20: 0.98333333 | H20: 0.86666667 | I20: 0.89444444 | J20: =AVERAGE(D20,F20) -> 0.96666667 | K20: =AVERAGE(D20,F20,H20) -> 0.93333333
C21: Hellinger | D21: 0.96666667 | E21: 0.96666667 | F21: 0.96666667 | G21: 0.98333333 | H21: 0.86666667 | I21: 0.9 | J21: =AVERAGE(D21,F21) -> 0.96666667 | K21: =AVERAGE(D21,F21,H21) -> 0.93333333
B22: HSV 3D 12×8×8, 1×1 blocks | C22: Chi-square | D22: 0.96666667 | E22: 0.96666667 | F22: 0.76666667 | G22: 0.82222222 | H22: 0.63333333 | I22: 0.71388889 | J22: =AVERAGE(D22,F22) -> 0.86666667 | K22: =AVERAGE(D22,F22,H22) -> 0.78888889
C23: Hellinger | D23: 0.96666667 | E23: 0.96666667 | F23: 0.76666667 | G23: 0.81388889 | H23: 0.63333333 | I23: 0.72444444 | J23: =AVERAGE(D23,F23) -> 0.86666667 | K23: =AVERAGE(D23,F23,H23) -> 0.78888889
A24: gain clipped to [1/2.5, 2.5] | B24: HSV 3D 4 (4×4×4), 5×5 blocks | C24: Chi-square | D24: 0.96666667 | E24: 0.96666667 | F24: 0.83333333 | G24: 0.84833333 | H24: 0.73333333 | I24: 0.79166667 | J24: =AVERAGE(D24,F24) -> 0.9 | K24: =AVERAGE(D24,F24,H24) -> 0.84444444
C25: Hellinger | D25: 0.96666667 | E25: 0.96666667 | F25: 0.83333333 | G25: 0.84166667 | H25: 0.7 | I25: 0.78611111 | J25: =AVERAGE(D25,F25) -> 0.9 | K25: =AVERAGE(D25,F25,H25) -> 0.83333333
B26: HSV 3D 12×8×8, 4×4 blocks | C26: Chi-square | D26: 0.93333333 | E26: 0.94444444 | F26: 0.83333333 | G26: 0.84 | H26: 0.8 | I26: 0.815 | J26: =AVERAGE(D26,F26) -> 0.88333333 | K26: =AVERAGE(D26,F26,H26) -> 0.85555556
C27: Hellinger | D27: 0.9 | E27: 0.93333333 | F27: 0.83333333 | G27: 0.84 | H27: 0.8 | I27: 0.815 | J27: =AVERAGE(D27,F27) -> 0.86666667 | K27: =AVERAGE(D27,F27,H27) -> 0.84444444
B28: YCrCb 3D 6×12×12, 3×3 blocks | C28: Chi-square | D28: 0.86666667 | E28: 0.91111111 | F28: 0.83333333 | G28: 0.85 | H28: 0.8 | I28: 0.82777778 | J28: =AVERAGE(D28,F28) -> 0.85 | K28: =AVERAGE(D28,F28,H28) -> 0.83333333
C29: Hellinger | D29: 0.9 | E29: 0.92777778 | F29: 0.83333333 | G29: 0.85 | H29: 0.8 | I29: 0.83333333 | J29: =AVERAGE(D29,F29) -> 0.86666667 | K29: =AVERAGE(D29,F29,H29) -> 0.84444444
B30: Lab 3D 8×16×16, 6×6 blocks | C30: Chi-square | D30: 0.96666667 | E30: 0.96666667 | F30: 0.83333333 | G30: 0.84444444 | H30: 0.76666667 | I30: 0.81111111 | J30: =AVERAGE(D30,F30) -> 0.9 | K30: =AVERAGE(D30,F30,H30) -> 0.85555556
C31: Hellinger | D31: 0.96666667 | E31: 0.96666667 | F31: 0.83333333 | G31: 0.84444444 | H31: 0.76666667 | I31: 0.81111111 | J31: =AVERAGE(D31,F31) -> 0.9 | K31: =AVERAGE(D31,F31,H31) -> 0.85555556
B32: HSV 3D 12×8×8, 1×1 blocks | C32: Chi-square | D32: 0.9 | E32: 0.91111111 | F32: 0.7 | G32: 0.73888889 | H32: 0.6 | I32: 0.66944444 | J32: =AVERAGE(D32,F32) -> 0.8 | K32: =AVERAGE(D32,F32,H32) -> 0.73333333
C33: Hellinger | D33: 0.9 | E33: 0.90833333 | F33: 0.7 | G33: 0.73611111 | H33: 0.6 | I33: 0.67611111 | J33: =AVERAGE(D33,F33) -> 0.8 | K33: =AVERAGE(D33,F33,H33) -> 0.73333333
A34: none | B34: HSV 3D 4 (4×4×4), 5×5 blocks | C34: Chi-square | D34: 0.7 | E34: 0.78055556 | F34: 0.7 | G34: 0.73611111 | H34: 0.66666667 | I34: 0.71111111 | J34: =AVERAGE(D34,F34) -> 0.7 | K34: =AVERAGE(D34,F34,H34) -> 0.68888889
C35: Hellinger | D35: 0.76666667 | E35: 0.81944444 | F35: 0.66666667 | G35: 0.71111111 | H35: 0.63333333 | I35: 0.68833333 | J35: =AVERAGE(D35,F35) -> 0.71666667 | K35: =AVERAGE(D35,F35,H35) -> 0.68888889
B36: HSV 3D 12×8×8, 4×4 blocks | C36: Chi-square | D36: 0.66666667 | E36: 0.71944444 | F36: 0.63333333 | G36: 0.65833333 | H36: 0.66666667 | I36: 0.66666667 | J36: =AVERAGE(D36,F36) -> 0.65 | K36: =AVERAGE(D36,F36,H36) -> 0.65555556
C37: Hellinger | D37: 0.66666667 | E37: 0.72888889 | F37: 0.66666667 | G37: 0.67333333 | H37: 0.63333333 | I37: 0.65 | J37: =AVERAGE(D37,F37) -> 0.66666667 | K37: =AVERAGE(D37,F37,H37) -> 0.65555556
B38: YCrCb 3D 6×12×12, 3×3 blocks | C38: Chi-square | D38: 0.76666667 | E38: 0.80277778 | F38: 0.56666667 | G38: 0.60833333 | H38: 0.56666667 | I38: 0.59722222 | J38: =AVERAGE(D38,F38) -> 0.66666667 | K38: =AVERAGE(D38,F38,H38) -> 0.63333333
C39: Hellinger | D39: 0.73333333 | E39: 0.78444444 | F39: 0.56666667 | G39: 0.6 | H39: 0.56666667 | I39: 0.60111111 | J39: =AVERAGE(D39,F39) -> 0.65 | K39: =AVERAGE(D39,F39,H39) -> 0.62222222
B40: Lab 3D 8×16×16, 6×6 blocks | C40: Chi-square | D40: 0.73333333 | E40: 0.76333333 | F40: 0.63333333 | G40: 0.65666667 | H40: 0.6 | I40: 0.64 | J40: =AVERAGE(D40,F40) -> 0.68333333 | K40: =AVERAGE(D40,F40,H40) -> 0.65555556
C41: Hellinger | D41: 0.73333333 | E41: 0.75944444 | F41: 0.66666667 | G41: 0.67333333 | H41: 0.63333333 | I41: 0.65 | J41: =AVERAGE(D41,F41) -> 0.7 | K41: =AVERAGE(D41,F41,H41) -> 0.67777778
B42: HSV 3D 12×8×8, 1×1 blocks | C42: Chi-square | D42: 0.43333333 | E42: 0.51944444 | F42: 0.46666667 | G42: 0.53333333 | H42: 0.46666667 | I42: 0.52611111 | J42: =AVERAGE(D42,F42) -> 0.45 | K42: =AVERAGE(D42,F42,H42) -> 0.45555556
C43: Hellinger | D43: 0.43333333 | E43: 0.51833333 | F43: 0.43333333 | G43: 0.52611111 | H43: 0.46666667 | I43: 0.53611111 | J43: =AVERAGE(D43,F43) -> 0.43333333 | K43: =AVERAGE(D43,F43,H43) -> 0.44444444
